course_id,quiz_title,quiz_description
BIO 145: Advanced Principles of Ecology and Sustainable Biotechnologies,Quiz 1: Basics of Ecosystems,"This quiz covers fundamental concepts related to ecosystem structure, functioning, energy flow, and nutrient cycling in BIO  Advanced Principles of Ecology and Sustainable Biotechnologies. It aims to test your understanding of the relationships between organisms and their environment."
BIO 145: Advanced Principles of Ecology and Sustainable Biotechnologies,Quiz 2: Population Dynamics,"This quiz delves into the principles governing population dynamics, including growth rates, carrying capacities, birth-death models, and factors influencing species distribution. It also assesses your knowledge of sustainable biotechnologies applied in managing populations."
BIO 145: Advanced Principles of Ecology and Sustainable Biotechnologies,Quiz 3: Biodiversity and Conservation,"This quiz evaluates the concepts related to biodiversity, species richness, genetic diversity, ecosystem services, conservation strategies, and the role of biotechnologies in preserving diverse life forms. It aims to test your understanding of how sustainability is intertwined with the principles covered in BIO  Advanced Principles of Ecology and Sustainable Biotechnologies."
Bioinformatics: Integrating Biology and Computer Science for Data Analysis,Understanding DNA Sequence Alignment,"This quiz reviews topics such as sequence alignment algorithms, including Needleman-Wunsch and Smith-Waterman, their applications in bioinformatics, and how they facilitate comparative genomic analysis. The questions will test your understanding of algorithm complexity, scoring matrices, and the interpretation of results."
Bioinformatics: Integrating Biology and Computer Science for Data Analysis,Genomic Data Visualization Techniques,"This quiz covers various visualization tools and techniques used in bioinformatics for interpreting genomic data, including heatmaps, clustering, principal component analysis (PCA), and genome browser interfaces. Participants will be assessed on their knowledge of the principles behind these visualizations and their ability to choose appropriate methods based on different datasets."
Bioinformatics: Integrating Biology and Computer Science for Data Analysis,Protein Structure Prediction,"The quiz focuses on protein structure prediction methodologies, including homology modeling, threading, and ab initio approaches. It tests the learner's understanding of the underlying biophysical principles, computational techniques used in these methods, and their applications for predicting tertiary structures from primary amino acid sequences."
Bioinformatics and Computational Biology: Analyzing Genomes with Python,Introduction to Basic Sequence Analysis,"This quiz covers essential bioinformatics concepts, such as nucleotide sequences manipulation and analysis using Python's Biopython library. Students will apply these skills in analyzing genomic data."
Bioinformatics and Computational Biology: Analyzing Genomes with Python,Genomic Alignment and Comparison,"This quiz focuses on sequence alignment techniques, including pairwise and multiple sequence alignments. Learners will use Python libraries like Bio.Align to handle and analyze genomic data."
Bioinformatics and Computational Biology: Analyzing Genomes with Python,Data Visualization in Genomics,"This quiz examines the application of various Python visualization tools, such as matplotlib and seaborn, for interpreting and presenting genomic data effectively. Students will learn how to generate meaningful plots from raw genomic datasets."
Biochemistry and Molecular Biology: Exploring Life's Building Blocks at 108,Enzyme Kinetics and Regulation in Biochemistry,"This quiz covers concepts related to enzyme kinetics, including Michaelis-Menten equation, allosteric regulation, covalent modifications, and genetic control of enzymatic activity. It aims to evaluate your understanding of how biochemical reactions are controlled in living organisms."
Biochemistry and Molecular Biology: Exploring Life's Building Blocks at 108,Structural Biochemistry: Proteins and Nucleic Acids,"This quiz delves into the structure-function relationship of proteins, nucleic acids, lipids, and carbohydrates. It evaluates your knowledge on protein folding, secondary and tertiary structures, DNA/RNA recognition by proteins, and lipid bilayer organization."
Biochemistry and Molecular Biology: Exploring Life's Building Blocks at 108,Metabolic Pathways: Understanding Life's Energy Flow,"This quiz explores the fundamental metabolic pathways that sustain life such as glycolysis, citric acid cycle, and electron transport chain. It assesses your understanding of energy transformation and utilization in living cells."
Nursing in Urban Resilience: A Comprehensive Approach (Course 212),Understanding Urban Resilience in Nursing,"This quiz reviews key concepts related to urban resilience within nursing practice, including defining urban resilience, understanding its importance and relevance in the context of healthcare delivery, and exploring strategies for integrating urban resilience principles into nursing roles."
Nursing in Urban Resilience: A Comprehensive Approach (Course 212),The Impact of Urban Resilience on Patient Care,"This quiz examines how the concept of urban resilience impacts patient care in an urban setting, highlighting its implications for nurses working with diverse populations and addressing environmental health challenges associated with living in cities."
Nursing in Urban Resilience: A Comprehensive Approach (Course 212),Role of Nurses in Building Urban Resilient Communities,"This quiz delves into the role of nurses in fostering urban resilience, exploring how they can contribute to building sustainable and healthy communities through preventative care, education, advocacy, and collaboration with other sectors."
Advanced Clinical Decision-Making and Patient Care Strategies: A Comprehensive Study in Nursing,Case-Based Clinical Decision Making,"This quiz examines your ability to apply advanced clinical decision-making skills through realistic case scenarios, focusing on patient care strategies and critical thinking in complex healthcare situations."
Advanced Clinical Decision-Making and Patient Care Strategies: A Comprehensive Study in Nursing,Interprofessional Collaboration Assessment,"Test your understanding of effective communication and collaboration among interdisciplinary healthcare teams, with an emphasis on patient-centered care strategies in a diverse clinical environment."
Advanced Clinical Decision-Making and Patient Care Strategies: A Comprehensive Study in Nursing,Evidence-Based Practice Evaluation,"This quiz assesses your proficiency in integrating research evidence with clinical expertise and patient values to make informed decisions about the care of patients, as outlined in advanced nursing practices."
Nursing Research Methods and Analysis: Principles & Applications (Course Code: NUR 279),Understanding Basic Statistical Concepts in Nursing Research,"This quiz covers key statistical concepts such as mean, median, mode, and measures of variability that are essential for analyzing nursing research data."
Nursing Research Methods and Analysis: Principles & Applications (Course Code: NUR 279),Applying Qualitative Analysis Techniques in Nursing Research,"This quiz assesses knowledge on various qualitative analysis methods, such as thematic analysis and grounded theory, which are crucial for interpreting data from interviews and open-ended surveys."
Nursing Research Methods and Analysis: Principles & Applications (Course Code: NUR 279),Evaluating the Ethical Considerations in Nursing Research,"This quiz evaluates an understanding of ethical principles, informed consent, and confidentiality that are foundational to conducting research within the nursing field."
Nursing Research Fundamentals: Evidence-Based Practice and Patient Outcomes,Understanding Research Methodologies in Nursing,"This quiz covers key concepts related to research methodology, including study design types, data collection methods, and statistical analysis used in nursing research for evidence-based practice. Students will evaluate their understanding of these fundamental aspects crucial for interpreting patient outcomes."
Nursing Research Fundamentals: Evidence-Based Practice and Patient Outcomes,Applying Evidence-Based Practice to Improve Patient Outcomes,"This quiz tests the students' ability to apply evidence-based practice principles in nursing, focusing on how research findings translate into clinical decision-making and improved patient outcomes. It emphasizes critical thinking skills for assessing current literature and integrating it into healthcare."
Nursing Research Fundamentals: Evidence-Based Practice and Patient Outcomes,Navigating Ethical Considerations in Nursing Research,"This quiz challenges learners to identify ethical issues that may arise during the conduct of nursing research, emphasizing the importance of informed consent and confidentiality. It also explores how ethical considerations impact patient outcomes and the dissemination of research findings."
Engineering Principles and Applications: A Comprehensive Study of Modern Engineering (Course Code: ENG 188),Fundamentals of Materials Science,"This quiz covers key concepts in materials science, including phase diagrams, crystal structures, mechanical properties, and applications of engineering materials."
Engineering Principles and Applications: A Comprehensive Study of Modern Engineering (Course Code: ENG 188),Thermodynamics Principles for Engineers,"The thermodynamics quiz tests your understanding of the laws of thermodynamics, entropy, energy conservation, efficiency calculations, and practical applications in engineering systems."
Engineering Principles and Applications: A Comprehensive Study of Modern Engineering (Course Code: ENG 188),Circuit Analysis and Electronic Devices,"This quiz evaluates knowledge on fundamental circuit analysis techniques (e.g., Ohm's Law, Kirchhoff's Laws), component-based circuits, electronic devices such as diodes and transistors, and their role in modern engineering systems."
Advanced Literary Analysis: Exploring Diverse Narratives and Genres,Exploring Identity and Culture in Postcolonial Literature,"This quiz delves into postcolonial narratives, analyzing how authors use literature to explore identity and cultural dynamics after colonialism. Students will examine a variety of texts from different cultures and genres."
Advanced Literary Analysis: Exploring Diverse Narratives and Genres,Magical Realism: Understanding the Blend of Fantasy and Reality,"In this quiz, learners explore magical realism across various global narratives, assessing how authors integrate fantastical elements with mundane settings. The focus is on dissecting themes, character development, and plot structures within these hybrid genres."
Advanced Literary Analysis: Exploring Diverse Narratives and Genres,Contemporary Genre Fusions: Breaking Traditional Narrative Boundaries,"This quiz challenges students to analyze contemporary literature that defies traditional genre classifications, such as sci-fi meets romance or historical fiction with elements of horror. The goal is to understand the innovative narratives and how they reflect modern societal issues."
Essential Engineering: Principles and Applications for Successful Project Management,Project Planning Fundamentals Quiz,"This quiz covers essential topics in project planning, including scope definition, resource allocation, scheduling techniques, risk management, and cost control strategies."
Essential Engineering: Principles and Applications for Successful Project Management,Effective Communication Strategies Quiz,"This quiz reviews the key principles of effective communication in project management, emphasizing stakeholder engagement, team collaboration tools, and conflict resolution techniques."
Essential Engineering: Principles and Applications for Successful Project Management,Project Risk Management Quiz,"The focus of this quiz is on identifying, analyzing, and responding to project risks through qualitative and quantitative risk assessment methods, along with the implementation of mitigation strategies."
Interdisciplinary Approaches in Literary Analysis: Exploring Themes and Contexts,Thematic Connections: Identifying Interdisciplinary Linkages,"This quiz explores students' ability to identify common themes across different disciplines by analyzing literary works and their contexts, such as social, historical, or political influences."
Interdisciplinary Approaches in Literary Analysis: Exploring Themes and Contexts,Contextual Interpretations: Understanding Authorial Intent,"Students are challenged to interpret the impact of various contexts on authors' works, including personal backgrounds, cultural settings, and societal norms within selected literary pieces."
Interdisciplinary Approaches in Literary Analysis: Exploring Themes and Contexts,Cross-Disciplinary Synthesis: Integrating Non-Literary Perspectives,"This quiz assesses learners' proficiency in synthesizing insights from disciplines like history, sociology, and art to enrich their literary analysis of texts."
Intermediate English Grammar: Exploring Concepts and Structures (Course Code: ENG134),Identifying Verb Tenses,"This quiz tests your understanding of English verb tenses, focusing on present perfect, past continuous, and simple past forms. It covers the usage, rules, and exceptions in each tense."
Intermediate English Grammar: Exploring Concepts and Structures (Course Code: ENG134),Possessive Pronouns and Possession Structures,"The quiz evaluates your ability to use possessive pronouns correctly and understand possession structures in English. Topics include singular, plural, objective, reflexive, and demonstrative possessives."
Intermediate English Grammar: Exploring Concepts and Structures (Course Code: ENG134),Relative Clauses: Function and Form,"This quiz examines your knowledge of relative clauses - how they function to provide additional information about a noun in a sentence. It covers the difference between restrictive and non-restrictive clauses, as well as their various forms."
Advanced English: Literature and Composition,Analysis of Modernist Narrative Techniques,"This quiz examines students' understanding of key narrative techniques in modernist literature, including stream-of-consciousness, fragmentation, and unreliable narrators. It reviews works from authors like Virginia Woolf, James Joyce, and William Faulkner."
Advanced English: Literature and Composition,The Role of Symbolism in Postmodern Literature,"This quiz assesses students' ability to identify and interpret symbolic elements in postmodern literature, focusing on works by authors like Thomas Pynchon and Don DeLillo. It delves into how symbols contribute to themes of paradox, hyperreality, and metafiction."
Advanced English: Literature and Composition,Interpreting Feminist Themes in Contemporary Fiction,"Students are tested on their comprehension of feminist themes within contemporary fiction, analyzing texts from authors like Margaret Atwood and Chimamanda Ngozi Adichie. The quiz covers topics such as gender roles, power dynamics, and intersectionality."
Combating Online Fraud: Understanding and Mitigating 419 Scams through English Communication Skills,Understanding Types of Cyber Frauds,"This quiz examines knowledge on various types of online fraud, including phishing scams, identity theft, and advance-fee scams. Participants will identify examples of each type based on descriptions provided."
Combating Online Fraud: Understanding and Mitigating 419 Scams through English Communication Skills,Detecting Fraudulent Communications,"Test your ability to recognize fraudulent emails, messages and websites through this quiz. Participants will evaluate different scenarios for indicators of scamming attempts."
Combating Online Fraud: Understanding and Mitigating 419 Scams through English Communication Skills,Improving Responses to Online Scams,"This quiz evaluates skills in effectively communicating and responding to potential online scams. Participants will learn strategies for dealing with fraudulent communications while maintaining clarity, empathy, and professionalism."
Interactive Digital Storytelling: Navigating Creative Writing and Media Integration,Interactive Digital Storytelling: Introduction to Creative Writing,"This quiz covers the basics of creative writing in interactive digital storytelling, including narrative techniques, character development, and setting. It assesses understanding of foundational concepts for creating compelling stories."
Interactive Digital Storytelling: Navigating Creative Writing and Media Integration,Interactive Digital Storytelling: Integrating Media Elements,"This quiz evaluates knowledge on integrating various media elements such as images, audio, and video into digital storytelling. It focuses on the effective use of multimedia to enhance narrative engagement."
Interactive Digital Storytelling: Navigating Creative Writing and Media Integration,Interactive Digital Storytelling: Advanced Media Strategies,"This advanced quiz tests the ability to implement strategic media choices in interactive storytelling, including user interaction design and adaptive narratives. It challenges learners' understanding of creating immersive digital experiences."
Engaging with Language: Exploring Literary and Communicative Foundations,Literature Genres Quiz,"This quiz explores different literary genres, their characteristics, and examples of notable works within each genre."
Engaging with Language: Exploring Literary and Communicative Foundations,Figurative Language Identification Quiz,"Test your knowledge on various forms of figurative language including similes, metaphors, personification, and hyperbole by identifying them in given sentences."
Engaging with Language: Exploring Literary and Communicative Foundations,Character Analysis Essay Questions Quiz,"This quiz evaluates your ability to analyze characters from literary works, examining their motivations, relationships, and development throughout a story."
Eco Innovation: Sustainable Solutions and Environmental Stewardship,Understanding Eco-Innovation Principles,"This quiz assesses knowledge on core eco-innovation concepts, strategies for sustainable development, and the role of environmental stewardship in modern industry. It reviews case studies, definitions, and principles that underline innovative solutions to contemporary environmental challenges."
Eco Innovation: Sustainable Solutions and Environmental Stewardship,Sustainability Challenges and Solutions,"The quiz evaluates understanding of key sustainability issues such as climate change, resource depletion, and pollution. It covers various approaches to tackle these challenges, including the application of renewable energy sources, circular economy principles, and waste reduction strategies."
Eco Innovation: Sustainable Solutions and Environmental Stewardship,Environmental Stewardship in Practice,"This quiz measures comprehension of environmental stewardship practices within different sectors. It reviews examples from agriculture, urban planning, and manufacturing that demonstrate effective management strategies to conserve natural resources and promote eco-friendly behaviors."
Eco-Sustainable Business Practices: Strategies and Implementation,Understanding Eco-sustainability in Business Operations,"This quiz covers fundamental concepts of eco-sustainability, emphasizing the role businesses play in promoting environmental conservation through sustainable practices. Questions explore how to integrate eco-friendly strategies within various aspects of business operations."
Eco-Sustainable Business Practices: Strategies and Implementation,Strategic Planning for Eco-Sustainable Business Development,"This quiz evaluates learners on their understanding and application of eco-sustainability strategies in business development, focusing on planning, implementation, and monitoring. Questions address the alignment of sustainable practices with organizational goals and market positioning."
Eco-Sustainable Business Practices: Strategies and Implementation,Implementing Eco-Sustainable Practices: Case Studies Analysis,Students analyze real-world case studies to identify best practices in the implementation of eco-sustainable business strategies. The quiz tests critical thinking and application skills by assessing learners' ability to draw insights and lessons from various industry examples.
Exploring Human Behavior: An Introduction to Psychology (Course ID: 167),Understanding Basic Psychological Concepts,"This quiz reviews fundamental psychological concepts such as perception, cognition, emotions, personality traits, and social behavior that lay the groundwork for understanding human behavior in detail."
Exploring Human Behavior: An Introduction to Psychology (Course ID: 167),Exploring Developmental Psychology,"This quiz covers key theories and concepts related to developmental psychology, including cognitive development across different life stages, influential factors on growth such as nature vs nurture, and the impact of early experiences."
Exploring Human Behavior: An Introduction to Psychology (Course ID: 167),Analyzing Behavior through Psychological Theories,"This quiz evaluates students' understanding of major psychological theories including psychoanalytic theory, behaviorism, humanistic psychology, and cognitive-behavioral therapy as tools to analyze and interpret various human behaviors."
Advanced Mathematical Analysis: Techniques and Applications,Fourier Series Expansion in Complex Domains,"This quiz explores advanced Fourier series techniques for functions defined on complex domains, with an emphasis on convergence properties and applications to signal processing."
Advanced Mathematical Analysis: Techniques and Applications,Weak Topology and Differential Geometry,"Test your understanding of weak topology in differential geometry by analyzing spaces equipped with weaker topologies, focusing on topological properties and manifold structures."
Advanced Mathematical Analysis: Techniques and Applications,Non-standard Analysis and Infinitesimals,"Delve into non-standard analysis techniques to master infinitesimals within the context of advanced calculus, examining hyperreal number systems and their applications."
Advanced Mathematics: Concepts and Applications (MAT 111),Trigonometric Identities Quiz,"This quiz focuses on trigonometric identities, their proofs, applications in calculus, and complex number representations of trigonometric functions."
Advanced Mathematics: Concepts and Applications (MAT 111),Differential Equations: Linear vs Nonlinear Systems,"Test your understanding of linear versus nonlinear differential equations including methods for solving them, their real-world applications, and the behavior of solutions over time."
Advanced Mathematics: Concepts and Applications (MAT 111),Number Theory Applications in Cryptography,"This quiz explores the role of number theory concepts such as prime factorization, greatest common divisors (GCD), and modular arithmetic in modern cryptographic systems like RSA encryption."
Introduction to Linear Algebra and Matrix Mathematics (MAT 293),"Matrix Operations: Addition, Subtraction, and Scalar Multiplication","This quiz covers basic matrix operations such as addition, subtraction, and scalar multiplication of matrices, ensuring a solid understanding of fundamental concepts in linear algebra."
Introduction to Linear Algebra and Matrix Mathematics (MAT 293),Determinant Calculation Methods,"The quiz tests knowledge on different methods to calculate determinants for square matrices (via expansion by minors, using the rule of Sarrus), and provides insight into their significance in linear algebra."
Introduction to Linear Algebra and Matrix Mathematics (MAT 293),Eigenvalues and Eigenvectors,"This quiz evaluates understanding of eigenvalues and eigenvectors, focusing on how to compute them for matrices and discussing their importance in various applications within linear algebra."
Digital Artistry: Mastering Augmented Reality Techniques and Applications,Exploring Foundational Concepts in Digital Artistry,"This quiz covers key foundations of digital artistry, focusing on core concepts and principles that are essential to mastering augmented reality techniques. It includes questions about the history, fundamental theories, and early developments within AR technology."
Digital Artistry: Mastering Augmented Reality Techniques and Applications,Augmented Reality Tools and Technologies,"This quiz tests knowledge on a variety of tools and technologies used in creating augmented reality applications, including software platforms, hardware devices, and real-world integration techniques. It also covers best practices for choosing the right combination of tech to suit specific artistry projects."
Digital Artistry: Mastering Augmented Reality Techniques and Applications,Designing Immersive AR Experiences,"This quiz challenges learners with questions about designing and implementing immersive augmented reality experiences, including user interface considerations, narrative integration, and techniques for creating engaging 3D environments. It also touches on the impact of AR on artistic expression and audience interaction."
Innovative Artistry: Mastering Augmented Reality Techniques,Exploring Foundations: AR Technology Principles,"This quiz delves into basic augmented reality (AR) concepts, including hardware components, software frameworks, and the fundamental principles of overlaying digital content in real-world environments. It covers introductory topics designed to provide a solid understanding necessary for mastering AR techniques."
Innovative Artistry: Mastering Augmented Reality Techniques,Augmented Reality Design: Conceptualizing Immersive Experiences,"This quiz focuses on the design aspects of augmented reality, exploring user experience (UX) and interface (UI) principles specific to AR. It includes questions about concept creation, storytelling through AR, and visual aesthetics for engaging immersive experiences."
Innovative Artistry: Mastering Augmented Reality Techniques,Advanced Augmented Reality Applications: Practical Implementation,"This quiz challenges learners with practical application scenarios in advanced AR projects, such as interactive art installations and innovative marketing campaigns. It tests the ability to apply theory into real-world situations by focusing on project development, implementation strategies, and overcoming common technical obstacles."
Artistry and Innovation: Exploring Art Through Augmented Reality,Exploring the Intersection of Traditional Art Forms and Augmented Reality,"This quiz explores how traditional art forms such as painting, sculpture, and architecture can be reimagined through augmented reality technology. It reviews key concepts in AR development and its applications within the realm of traditional arts."
Artistry and Innovation: Exploring Art Through Augmented Reality,Understanding Augmented Reality: Principles and Techniques,"This quiz dives into foundational principles, techniques, and tools used in creating augmented reality experiences. It reviews the core concepts of AR development including 3D modeling, spatial mapping, and interactive interfaces."
Artistry and Innovation: Exploring Art Through Augmented Reality,Augmented Reality in Art Education: Opportunities and Challenges,"This quiz examines how augmented reality is transforming the field of art education, providing innovative ways for students to learn and create. It reviews opportunities presented by AR in enhancing creativity and understanding, as well as challenges such as accessibility and technology limitations."
"Mastering Augmented Reality Art: Techniques, Tools, and Creativity",Understanding Augmented Reality (AR) in Digital Arts,"This quiz covers key concepts of AR technologies, including their integration into digital art creation and the transformative potential they hold for enhancing viewer experiences. Participants will also learn about different tools used to create AR art."
"Mastering Augmented Reality Art: Techniques, Tools, and Creativity",Exploring Popular AR Art Tools,"This quiz tests the knowledge of various AR art creation tools such as Vuforia, Unity's Augmented Reality Gallery, and Snapchat Lens Studio. Participants will be assessed on their understanding of tool features, usability, and creative possibilities."
"Mastering Augmented Reality Art: Techniques, Tools, and Creativity",Applying AR Techniques in Art Creation,"This quiz evaluates the ability to apply AR techniques to create immersive art pieces. It focuses on practical application, creativity, and innovative use of augmented reality tools within an artistic context."
Mastering Digital Art: Exploring Augmented Reality Techniques,Augmented Reality Basics Quiz,"This quiz covers fundamental concepts, tools, and techniques in augmented reality (AR), laying a solid foundation for understanding AR's role in digital art. It assesses learners on their grasp of AR principles, terminology, and the first steps to creating AR experiences."
Mastering Digital Art: Exploring Augmented Reality Techniques,Augmented Reality Artistry Quiz,"This quiz delves into the intersection of art and augmented reality, exploring how artists use AR tools and methods to create immersive digital experiences. It evaluates learners' comprehension of various AR techniques for visual arts and interactive installations."
Mastering Digital Art: Exploring Augmented Reality Techniques,Augmented Reality Application Quiz,"This quiz focuses on practical applications of augmented reality in the digital art world, challenging learners to identify real-world scenarios where AR is effectively used. It tests knowledge on specific use cases and potential impacts of AR technologies across different platforms."
Exploring the Canvas of Virtual Reality: A Comprehensive Introduction to Augmented Artistry,Understanding the Evolution of VR in Visual Arts,"This quiz tests your knowledge on how virtual reality has transformed visual arts, from early experimental stages to current augmented creativity techniques."
Exploring the Canvas of Virtual Reality: A Comprehensive Introduction to Augmented Artistry,Exploring AR Technologies and Their Applications in Artistry,"Test your understanding of various Augmented Reality technologies used in creating immersive art experiences, including their benefits, limitations, and real-world applications."
Exploring the Canvas of Virtual Reality: A Comprehensive Introduction to Augmented Artistry,The Intersection of VR/AR with Other Art Forms,"This quiz examines the integration of Virtual Reality and Augmented Reality in other art forms, such as music, dance, theatre, and how they have expanded possibilities for audience engagement."
Mastering Augmented Reality: Exploring Creative Techniques and Applications,Introduction to Augmented Reality Concepts,"This quiz covers fundamental concepts in augmented reality (AR), including definitions, history, and basic principles of AR technology."
Mastering Augmented Reality: Exploring Creative Techniques and Applications,Exploring Creative Applications of Augmented Reality,"The second quiz delves into various creative applications of augmented reality across industries such as entertainment, education, and marketing, highlighting the transformational impact of AR."
Mastering Augmented Reality: Exploring Creative Techniques and Applications,Developing Augmented Reality Projects,"This quiz assesses understanding of key project development steps in creating augmented reality experiences, from conceptualization to implementation and user interaction design."
