user_id,login_id,email,first_name,last_name,pronoun,declared_user_type,status
578511205,philip.ramirez@canvas.test,philip.ramirez@canvas.test,Philip,Ramirez,,student,active
756693831,rachel.richardson@canvas.test,rachel.richardson@canvas.test,Rachel,Richardson,she/her,student,active
798667808,toni.pope@canvas.test,toni.pope@canvas.test,Toni,Pope,['xe/xyr'],student,active
781082609,krista.oconnell@canvas.test,krista.oconnell@canvas.test,Krista,Oconnell,,student,active
093654881,phyllis.williams@canvas.test,phyllis.williams@canvas.test,Phyllis,Williams,she/her,student,active
189213196,julia.lopez@canvas.test,julia.lopez@canvas.test,Julia,Lopez,['they/them'],student,active
793346527,cody.french@canvas.test,cody.french@canvas.test,Cody,French,he/him,student,active
709384109,mary.wood@canvas.test,mary.wood@canvas.test,Mary,Wood,she/her,student,active
618236430,philip.butler@canvas.test,philip.butler@canvas.test,Philip,Butler,['xe/xyr'],student,active
217115655,rose.knight@canvas.test,rose.knight@canvas.test,Rose,Knight,['they/them'],student,active
955669640,stacey.osborne@canvas.test,stacey.osborne@canvas.test,Stacey,Osborne,she/her,student,active
963177491,timothy.martinez@canvas.test,timothy.martinez@canvas.test,Timothy,Martinez,,student,active
392178695,christopher.black@canvas.test,christopher.black@canvas.test,Christopher,Black,he/him,student,active
257490688,allison.lee@canvas.test,allison.lee@canvas.test,Allison,Lee,she/her,student,active
366414829,jennifer.roberts@canvas.test,jennifer.roberts@canvas.test,Jennifer,Roberts,she/her,student,active
371051517,tiffany.ross@canvas.test,tiffany.ross@canvas.test,Tiffany,Ross,she/her,student,active
007932285,david.williams@canvas.test,david.williams@canvas.test,David,Williams,he/him,student,active
082878219,gina.robinson@canvas.test,gina.robinson@canvas.test,Gina,Robinson,she/her,student,active
667157017,robert.cabrera@canvas.test,robert.cabrera@canvas.test,Robert,Cabrera,he/him,student,active
209830929,sara.coleman@canvas.test,sara.coleman@canvas.test,Sara,Coleman,,student,active
239750753,tonya.case@canvas.test,tonya.case@canvas.test,Tonya,Case,she/her,student,active
783295087,tiffany.mcfarland@canvas.test,tiffany.mcfarland@canvas.test,Tiffany,Mcfarland,,student,active
918283421,allison.mitchell@canvas.test,allison.mitchell@canvas.test,Allison,Mitchell,she/her,student,active
067850948,michelle.jacobs@canvas.test,michelle.jacobs@canvas.test,Michelle,Jacobs,she/her,student,active
876753782,katherine.ball@canvas.test,katherine.ball@canvas.test,Katherine,Ball,,student,active
022848245,erin.vargas@canvas.test,erin.vargas@canvas.test,Erin,Vargas,['xe/xyr'],student,active
526330120,connie.moore@canvas.test,connie.moore@canvas.test,Connie,Moore,she/her,student,active
604139719,angela.hernandez@canvas.test,angela.hernandez@canvas.test,Angela,Hernandez,she/her,student,active
320617127,john.walters@canvas.test,john.walters@canvas.test,John,Walters,he/him,student,active
770701401,kevin.landry@canvas.test,kevin.landry@canvas.test,Kevin,Landry,he/him,student,active
563957795,kelly.valdez@canvas.test,kelly.valdez@canvas.test,Kelly,Valdez,she/her,student,active
798796599,terry.scott@canvas.test,terry.scott@canvas.test,Terry,Scott,['they/them'],student,active
389072687,tiffany.herring@canvas.test,tiffany.herring@canvas.test,Tiffany,Herring,['xe/xyr'],student,active
891928301,kevin.peck@canvas.test,kevin.peck@canvas.test,Kevin,Peck,['xe/xyr'],student,active
598804196,joseph.preston@canvas.test,joseph.preston@canvas.test,Joseph,Preston,he/him,student,deleted
120318441,chris.carter@canvas.test,chris.carter@canvas.test,Chris,Carter,,student,active
889827173,glenn.walsh@canvas.test,glenn.walsh@canvas.test,Glenn,Walsh,['xe/xyr'],teacher,active
287933742,joshua.wilson@canvas.test,joshua.wilson@canvas.test,Joshua,Wilson,he/him,student,active
621662707,erika.reyes@canvas.test,erika.reyes@canvas.test,Erika,Reyes,,student,active
305149831,jordan.lee@canvas.test,jordan.lee@canvas.test,Jordan,Lee,he/him,student,deleted
280364895,christina.espinoza@canvas.test,christina.espinoza@canvas.test,Christina,Espinoza,['they/them'],student,active
003364477,gail.bowman@canvas.test,gail.bowman@canvas.test,Gail,Bowman,she/her,student,active
915358600,carol.fischer@canvas.test,carol.fischer@canvas.test,Carol,Fischer,she/her,student,active
640650382,jessica.huber@canvas.test,jessica.huber@canvas.test,Jessica,Huber,she/her,student,active
790834747,betty.jones@canvas.test,betty.jones@canvas.test,Betty,Jones,['xe/xyr'],student,active
699886287,david.phillips@canvas.test,david.phillips@canvas.test,David,Phillips,he/him,student,active
356534489,joseph.herrera@canvas.test,joseph.herrera@canvas.test,Joseph,Herrera,['xe/xyr'],student,active
718057514,david.roberts@canvas.test,david.roberts@canvas.test,David,Roberts,he/him,student,active
688957465,elizabeth.ward@canvas.test,elizabeth.ward@canvas.test,Elizabeth,Ward,she/her,student,active
259122860,anita.lewis@canvas.test,anita.lewis@canvas.test,Anita,Lewis,she/her,student,active
760290225,david.barnes@canvas.test,david.barnes@canvas.test,David,Barnes,he/him,student,active
106378409,marilyn.berry@canvas.test,marilyn.berry@canvas.test,Marilyn,Berry,she/her,student,active
030617508,daniel.long@canvas.test,daniel.long@canvas.test,Daniel,Long,,student,active
671316290,dana.patel@canvas.test,dana.patel@canvas.test,Dana,Patel,['they/them'],student,active
325930327,holly.williams@canvas.test,holly.williams@canvas.test,Holly,Williams,,student,active
599816387,gabriella.ortega@canvas.test,gabriella.ortega@canvas.test,Gabriella,Ortega,['xe/xyr'],student,active
889435445,eric.adams@canvas.test,eric.adams@canvas.test,Eric,Adams,he/him,student,active
991711348,steven.wilson@canvas.test,steven.wilson@canvas.test,Steven,Wilson,he/him,student,active
750510866,karen.smith@canvas.test,karen.smith@canvas.test,Karen,Smith,['ze/zir'],student,active
642988862,david.frank@canvas.test,david.frank@canvas.test,David,Frank,he/him,student,active
354651425,gloria.lee@canvas.test,gloria.lee@canvas.test,Gloria,Lee,she/her,student,active
349705448,kevin.johnston@canvas.test,kevin.johnston@canvas.test,Kevin,Johnston,he/him,student,suspended
784506965,jasmine.hamilton@canvas.test,jasmine.hamilton@canvas.test,Jasmine,Hamilton,['they/them'],student,active
782416910,karla.watkins@canvas.test,karla.watkins@canvas.test,Karla,Watkins,she/her,student,active
615270614,angela.hall@canvas.test,angela.hall@canvas.test,Angela,Hall,she/her,student,active
102231185,rachael.pierce@canvas.test,rachael.pierce@canvas.test,Rachael,Pierce,she/her,student,active
285854023,aaron.morales@canvas.test,aaron.morales@canvas.test,Aaron,Morales,,student,active
717519872,kimberly.bryant@canvas.test,kimberly.bryant@canvas.test,Kimberly,Bryant,she/her,student,active
274173431,tracy.conrad@canvas.test,tracy.conrad@canvas.test,Tracy,Conrad,['they/them'],student,active
344795626,kristin.bell@canvas.test,kristin.bell@canvas.test,Kristin,Bell,,student,active
815537653,teresa.rodriguez@canvas.test,teresa.rodriguez@canvas.test,Teresa,Rodriguez,['xe/xyr'],student,active
210731297,karen.johnson@canvas.test,karen.johnson@canvas.test,Karen,Johnson,she/her,student,active
858737097,robin.lee@canvas.test,robin.lee@canvas.test,Robin,Lee,,student,active
116813031,karen.nelson@canvas.test,karen.nelson@canvas.test,Karen,Nelson,she/her,student,active
500610118,leslie.miles@canvas.test,leslie.miles@canvas.test,Leslie,Miles,she/her,student,active
007692681,barbara.garcia@canvas.test,barbara.garcia@canvas.test,Barbara,Garcia,she/her,student,active
099662404,stacey.garcia@canvas.test,stacey.garcia@canvas.test,Stacey,Garcia,['they/them'],student,active
119211298,michelle.hunt@canvas.test,michelle.hunt@canvas.test,Michelle,Hunt,['xe/xyr'],student,active
486294646,nicole.campbell@canvas.test,nicole.campbell@canvas.test,Nicole,Campbell,['ze/zir'],student,active
507334638,paul.chaney@canvas.test,paul.chaney@canvas.test,Paul,Chaney,['ze/zir'],student,active
976949467,tracie.walls@canvas.test,tracie.walls@canvas.test,Tracie,Walls,she/her,student,active
719364475,nicole.williams@canvas.test,nicole.williams@canvas.test,Nicole,Williams,she/her,student,active
631822238,kathleen.weaver@canvas.test,kathleen.weaver@canvas.test,Kathleen,Weaver,she/her,student,active
364410114,mallory.miller@canvas.test,mallory.miller@canvas.test,Mallory,Miller,she/her,teacher,active
778284771,cynthia.best@canvas.test,cynthia.best@canvas.test,Cynthia,Best,she/her,student,active
994519975,katelyn.cole@canvas.test,katelyn.cole@canvas.test,Katelyn,Cole,she/her,student,active
068245595,barbara.gill@canvas.test,barbara.gill@canvas.test,Barbara,Gill,she/her,student,active
756085575,randy.jenkins@canvas.test,randy.jenkins@canvas.test,Randy,Jenkins,,student,active
729421182,darlene.johnson@canvas.test,darlene.johnson@canvas.test,Darlene,Johnson,['ze/zir'],teacher,active
061069463,deborah.chang@canvas.test,deborah.chang@canvas.test,Deborah,Chang,she/her,student,active
807502868,jennifer.henry@canvas.test,jennifer.henry@canvas.test,Jennifer,Henry,she/her,student,active
017672231,jordan.leach@canvas.test,jordan.leach@canvas.test,Jordan,Leach,she/her,student,active
515522870,jose.thomas@canvas.test,jose.thomas@canvas.test,Jose,Thomas,,teacher,active
378687164,jennifer.pena@canvas.test,jennifer.pena@canvas.test,Jennifer,Pena,,student,active
079180723,kevin.cannon@canvas.test,kevin.cannon@canvas.test,Kevin,Cannon,he/him,student,active
402122299,lisa.hunter@canvas.test,lisa.hunter@canvas.test,Lisa,Hunter,she/her,teacher,active
923007242,jennifer.walters@canvas.test,jennifer.walters@canvas.test,Jennifer,Walters,she/her,student,active
740348078,kelli.fleming@canvas.test,kelli.fleming@canvas.test,Kelli,Fleming,she/her,student,active
830339854,audrey.santana@canvas.test,audrey.santana@canvas.test,Audrey,Santana,she/her,student,active
138905204,heather.thompson@canvas.test,heather.thompson@canvas.test,Heather,Thompson,she/her,student,active
581382647,andrea.cunningham@canvas.test,andrea.cunningham@canvas.test,Andrea,Cunningham,she/her,student,active
850596438,jonathan.lutz@canvas.test,jonathan.lutz@canvas.test,Jonathan,Lutz,,student,deleted
521306443,bobby.leach@canvas.test,bobby.leach@canvas.test,Bobby,Leach,['ze/zir'],student,active
544975186,daniel.ross@canvas.test,daniel.ross@canvas.test,Daniel,Ross,he/him,student,active
172942489,veronica.smith@canvas.test,veronica.smith@canvas.test,Veronica,Smith,she/her,student,active
911095902,julie.wood@canvas.test,julie.wood@canvas.test,Julie,Wood,she/her,student,active
406395548,bethany.williams@canvas.test,bethany.williams@canvas.test,Bethany,Williams,she/her,student,active
835070966,jennifer.hays@canvas.test,jennifer.hays@canvas.test,Jennifer,Hays,she/her,student,active
768677538,nancy.bentley@canvas.test,nancy.bentley@canvas.test,Nancy,Bentley,she/her,student,active
441397542,edward.garcia@canvas.test,edward.garcia@canvas.test,Edward,Garcia,['xe/xyr'],student,active
145557546,tyler.perry@canvas.test,tyler.perry@canvas.test,Tyler,Perry,,student,active
595667839,katie.williams@canvas.test,katie.williams@canvas.test,Katie,Williams,she/her,student,active
755865826,anthony.hall@canvas.test,anthony.hall@canvas.test,Anthony,Hall,he/him,teacher,active
022507863,bethany.christian@canvas.test,bethany.christian@canvas.test,Bethany,Christian,she/her,student,active
716936440,amanda.turner@canvas.test,amanda.turner@canvas.test,Amanda,Turner,,student,active
638555670,melissa.myers@canvas.test,melissa.myers@canvas.test,Melissa,Myers,she/her,teacher,active
470353724,joseph.duncan@canvas.test,joseph.duncan@canvas.test,Joseph,Duncan,['xe/xyr'],student,active
140564854,miranda.palmer@canvas.test,miranda.palmer@canvas.test,Miranda,Palmer,['ze/zir'],student,active
680694313,patricia.fox@canvas.test,patricia.fox@canvas.test,Patricia,Fox,she/her,student,active
955481419,david.hernandez@canvas.test,david.hernandez@canvas.test,David,Hernandez,he/him,student,active
459258775,audrey.gallagher@canvas.test,audrey.gallagher@canvas.test,Audrey,Gallagher,she/her,student,active
952100239,ryan.morton@canvas.test,ryan.morton@canvas.test,Ryan,Morton,,student,active
329832470,mark.gomez@canvas.test,mark.gomez@canvas.test,Mark,Gomez,['ze/zir'],student,active
662148198,faith.anderson@canvas.test,faith.anderson@canvas.test,Faith,Anderson,['xe/xyr'],student,active
812260545,donna.hughes@canvas.test,donna.hughes@canvas.test,Donna,Hughes,she/her,teacher,active
175041532,caitlin.parker@canvas.test,caitlin.parker@canvas.test,Caitlin,Parker,['ze/zir'],student,active
278912632,kenneth.everett@canvas.test,kenneth.everett@canvas.test,Kenneth,Everett,,student,active
740793368,jonathan.charles@canvas.test,jonathan.charles@canvas.test,Jonathan,Charles,he/him,student,active
498662288,cheryl.manning@canvas.test,cheryl.manning@canvas.test,Cheryl,Manning,,teacher,active
093889725,james.lee@canvas.test,james.lee@canvas.test,James,Lee,['they/them'],student,active
500630461,stephen.smith@canvas.test,stephen.smith@canvas.test,Stephen,Smith,he/him,student,active
979136425,timothy.mills@canvas.test,timothy.mills@canvas.test,Timothy,Mills,,student,active
192301490,john.smith@canvas.test,john.smith@canvas.test,John,Smith,he/him,student,active
037801290,stephanie.martin@canvas.test,stephanie.martin@canvas.test,Stephanie,Martin,she/her,student,active
156616451,tyler.brown@canvas.test,tyler.brown@canvas.test,Tyler,Brown,he/him,student,active
002084844,nicole.lewis@canvas.test,nicole.lewis@canvas.test,Nicole,Lewis,she/her,student,active
720803841,amanda.lynn@canvas.test,amanda.lynn@canvas.test,Amanda,Lynn,she/her,student,active
994110575,gabriella.howell@canvas.test,gabriella.howell@canvas.test,Gabriella,Howell,['xe/xyr'],student,active
510555431,kevin.edwards@canvas.test,kevin.edwards@canvas.test,Kevin,Edwards,['ze/zir'],teacher,active
208159186,christine.vasquez@canvas.test,christine.vasquez@canvas.test,Christine,Vasquez,,student,active
379067207,lauren.woods@canvas.test,lauren.woods@canvas.test,Lauren,Woods,,student,active
379141850,ashley.king@canvas.test,ashley.king@canvas.test,Ashley,King,she/her,student,active
193786709,alyssa.kramer@canvas.test,alyssa.kramer@canvas.test,Alyssa,Kramer,,student,active
633144322,noah.johnson@canvas.test,noah.johnson@canvas.test,Noah,Johnson,he/him,student,active
717509847,danielle.rangel@canvas.test,danielle.rangel@canvas.test,Danielle,Rangel,she/her,student,active
202685469,emily.hayes@canvas.test,emily.hayes@canvas.test,Emily,Hayes,,student,active
245322303,adam.allen@canvas.test,adam.allen@canvas.test,Adam,Allen,['xe/xyr'],student,active
385744112,vicki.rangel@canvas.test,vicki.rangel@canvas.test,Vicki,Rangel,she/her,teacher,active
728939524,edward.robles@canvas.test,edward.robles@canvas.test,Edward,Robles,,student,active
175448455,julie.nelson@canvas.test,julie.nelson@canvas.test,Julie,Nelson,she/her,student,active
028512743,nicole.banks@canvas.test,nicole.banks@canvas.test,Nicole,Banks,['xe/xyr'],student,active
635813491,carla.harris@canvas.test,carla.harris@canvas.test,Carla,Harris,,teacher,active
799672432,angelica.lewis@canvas.test,angelica.lewis@canvas.test,Angelica,Lewis,she/her,student,active
389259219,jason.rowe@canvas.test,jason.rowe@canvas.test,Jason,Rowe,he/him,student,deleted
548813535,shannon.hunt@canvas.test,shannon.hunt@canvas.test,Shannon,Hunt,,student,active
213645203,sarah.miles@canvas.test,sarah.miles@canvas.test,Sarah,Miles,,student,active
731497116,jason.white@canvas.test,jason.white@canvas.test,Jason,White,he/him,student,active
414264960,karen.gentry@canvas.test,karen.gentry@canvas.test,Karen,Gentry,she/her,student,active
110380886,kelly.adams@canvas.test,kelly.adams@canvas.test,Kelly,Adams,she/her,student,active
535024211,jordan.hester@canvas.test,jordan.hester@canvas.test,Jordan,Hester,she/her,student,active
729294647,eric.watts@canvas.test,eric.watts@canvas.test,Eric,Watts,,student,active
551923071,audrey.carroll@canvas.test,audrey.carroll@canvas.test,Audrey,Carroll,she/her,student,active
621588973,lindsay.vaughn@canvas.test,lindsay.vaughn@canvas.test,Lindsay,Vaughn,she/her,student,active
619964462,brian.lopez@canvas.test,brian.lopez@canvas.test,Brian,Lopez,he/him,student,active
353176148,stacie.gutierrez@canvas.test,stacie.gutierrez@canvas.test,Stacie,Gutierrez,,student,active
827321035,karen.small@canvas.test,karen.small@canvas.test,Karen,Small,she/her,student,active
703027828,heather.thomas@canvas.test,heather.thomas@canvas.test,Heather,Thomas,she/her,student,active
552667638,kathy.jackson@canvas.test,kathy.jackson@canvas.test,Kathy,Jackson,,student,active
082023760,michael.weaver@canvas.test,michael.weaver@canvas.test,Michael,Weaver,['xe/xyr'],student,active
157200433,preston.perry@canvas.test,preston.perry@canvas.test,Preston,Perry,he/him,student,active
549811599,rebecca.ayala@canvas.test,rebecca.ayala@canvas.test,Rebecca,Ayala,she/her,student,active
768593170,amber.mccall@canvas.test,amber.mccall@canvas.test,Amber,Mccall,she/her,student,active
115028667,heather.lamb@canvas.test,heather.lamb@canvas.test,Heather,Lamb,she/her,student,active
364019720,jennifer.simon@canvas.test,jennifer.simon@canvas.test,Jennifer,Simon,['ze/zir'],student,active
697791778,sara.guerrero@canvas.test,sara.guerrero@canvas.test,Sara,Guerrero,she/her,student,active
308113796,cheryl.burton@canvas.test,cheryl.burton@canvas.test,Cheryl,Burton,,student,active
915308866,sara.lawson@canvas.test,sara.lawson@canvas.test,Sara,Lawson,she/her,student,active
407865540,susan.myers@canvas.test,susan.myers@canvas.test,Susan,Myers,['ze/zir'],student,active
271735387,stacy.obrien@canvas.test,stacy.obrien@canvas.test,Stacy,Obrien,she/her,student,active
297379276,jesse.johnson@canvas.test,jesse.johnson@canvas.test,Jesse,Johnson,['ze/zir'],student,active
413164216,jessica.harper@canvas.test,jessica.harper@canvas.test,Jessica,Harper,she/her,student,active
218658641,ashley.hodge@canvas.test,ashley.hodge@canvas.test,Ashley,Hodge,she/her,student,active
740091005,cassandra.bishop@canvas.test,cassandra.bishop@canvas.test,Cassandra,Bishop,['ze/zir'],student,active
635849857,danielle.martinez@canvas.test,danielle.martinez@canvas.test,Danielle,Martinez,she/her,student,active
551170381,sara.castro@canvas.test,sara.castro@canvas.test,Sara,Castro,she/her,student,active
050265116,joshua.larsen@canvas.test,joshua.larsen@canvas.test,Joshua,Larsen,['ze/zir'],student,active
645986129,kayla.peters@canvas.test,kayla.peters@canvas.test,Kayla,Peters,she/her,student,active
971564424,caitlin.larson@canvas.test,caitlin.larson@canvas.test,Caitlin,Larson,she/her,student,active
011811815,robert.frey@canvas.test,robert.frey@canvas.test,Robert,Frey,['they/them'],student,active
477643998,john.king@canvas.test,john.king@canvas.test,John,King,['xe/xyr'],student,active
024964954,michael.hughes@canvas.test,michael.hughes@canvas.test,Michael,Hughes,,student,active
296268449,maria.wilkerson@canvas.test,maria.wilkerson@canvas.test,Maria,Wilkerson,she/her,student,active
370670593,carrie.thompson@canvas.test,carrie.thompson@canvas.test,Carrie,Thompson,,student,active
736824438,mackenzie.lambert@canvas.test,mackenzie.lambert@canvas.test,Mackenzie,Lambert,she/her,student,active
974145945,diana.mitchell@canvas.test,diana.mitchell@canvas.test,Diana,Mitchell,['xe/xyr'],student,active
012082998,richard.faulkner@canvas.test,richard.faulkner@canvas.test,Richard,Faulkner,['they/them'],student,active
445649330,ruth.olsen@canvas.test,ruth.olsen@canvas.test,Ruth,Olsen,,student,active
978551695,sherry.young@canvas.test,sherry.young@canvas.test,Sherry,Young,she/her,student,active
994910899,matthew.adams@canvas.test,matthew.adams@canvas.test,Matthew,Adams,he/him,student,active
926668691,gary.warren@canvas.test,gary.warren@canvas.test,Gary,Warren,he/him,student,active
825828461,amber.choi@canvas.test,amber.choi@canvas.test,Amber,Choi,she/her,student,active
378475163,michelle.wilson@canvas.test,michelle.wilson@canvas.test,Michelle,Wilson,,student,active
191720880,brittany.arnold@canvas.test,brittany.arnold@canvas.test,Brittany,Arnold,['xe/xyr'],student,active
995370982,sheri.foster@canvas.test,sheri.foster@canvas.test,Sheri,Foster,she/her,student,active
009523406,diamond.downs@canvas.test,diamond.downs@canvas.test,Diamond,Downs,she/her,student,active
053408399,hunter.diaz@canvas.test,hunter.diaz@canvas.test,Hunter,Diaz,,student,active
225525153,tiffany.miller@canvas.test,tiffany.miller@canvas.test,Tiffany,Miller,,student,active
088629021,anthony.white@canvas.test,anthony.white@canvas.test,Anthony,White,['they/them'],student,active
487772534,michelle.strong@canvas.test,michelle.strong@canvas.test,Michelle,Strong,she/her,student,active
833414269,heidi.zamora@canvas.test,heidi.zamora@canvas.test,Heidi,Zamora,she/her,student,active
739754223,joshua.davis@canvas.test,joshua.davis@canvas.test,Joshua,Davis,['ze/zir'],student,suspended
954020291,sarah.ferguson@canvas.test,sarah.ferguson@canvas.test,Sarah,Ferguson,she/her,student,active
490101862,shawn.johnston@canvas.test,shawn.johnston@canvas.test,Shawn,Johnston,he/him,student,active
837324857,john.boyle@canvas.test,john.boyle@canvas.test,John,Boyle,,student,active
207228860,stephanie.harris@canvas.test,stephanie.harris@canvas.test,Stephanie,Harris,she/her,student,active
854543651,manuel.hall@canvas.test,manuel.hall@canvas.test,Manuel,Hall,['ze/zir'],student,active
250036610,laura.flores@canvas.test,laura.flores@canvas.test,Laura,Flores,she/her,student,active
645949652,robert.hill@canvas.test,robert.hill@canvas.test,Robert,Hill,he/him,student,active
195498733,jonathan.martinez@canvas.test,jonathan.martinez@canvas.test,Jonathan,Martinez,['xe/xyr'],student,active
648931617,lisa.anderson@canvas.test,lisa.anderson@canvas.test,Lisa,Anderson,she/her,student,active
031290475,kathryn.benitez@canvas.test,kathryn.benitez@canvas.test,Kathryn,Benitez,she/her,student,active
784179440,joseph.ward@canvas.test,joseph.ward@canvas.test,Joseph,Ward,['xe/xyr'],student,active
544022928,leslie.jimenez@canvas.test,leslie.jimenez@canvas.test,Leslie,Jimenez,she/her,student,active
539252492,kimberly.mcbride@canvas.test,kimberly.mcbride@canvas.test,Kimberly,Mcbride,she/her,student,active
249928131,marc.strong@canvas.test,marc.strong@canvas.test,Marc,Strong,he/him,student,active
644103589,lori.jarvis@canvas.test,lori.jarvis@canvas.test,Lori,Jarvis,she/her,student,active
390973918,perry.jacobs@canvas.test,perry.jacobs@canvas.test,Perry,Jacobs,,student,active
414339358,andrea.jimenez@canvas.test,andrea.jimenez@canvas.test,Andrea,Jimenez,she/her,student,active
150701018,james.odonnell@canvas.test,james.odonnell@canvas.test,James,Odonnell,he/him,student,active
237719006,katherine.nelson@canvas.test,katherine.nelson@canvas.test,Katherine,Nelson,she/her,student,active
258616840,sandra.torres@canvas.test,sandra.torres@canvas.test,Sandra,Torres,['they/them'],student,active
632484773,trevor.garner@canvas.test,trevor.garner@canvas.test,Trevor,Garner,he/him,student,active
947299398,jared.reynolds@canvas.test,jared.reynolds@canvas.test,Jared,Reynolds,,student,deleted
773564437,briana.berry@canvas.test,briana.berry@canvas.test,Briana,Berry,['xe/xyr'],student,active
449805529,cathy.proctor@canvas.test,cathy.proctor@canvas.test,Cathy,Proctor,['xe/xyr'],student,active
525724046,joseph.smith@canvas.test,joseph.smith@canvas.test,Joseph,Smith,['they/them'],student,active
956184185,anna.kelly@canvas.test,anna.kelly@canvas.test,Anna,Kelly,she/her,student,active
926962725,bethany.esparza@canvas.test,bethany.esparza@canvas.test,Bethany,Esparza,she/her,student,active
153507862,brandy.kim@canvas.test,brandy.kim@canvas.test,Brandy,Kim,she/her,student,active
024851649,earl.wood@canvas.test,earl.wood@canvas.test,Earl,Wood,,teacher,active
505014634,melissa.griffin@canvas.test,melissa.griffin@canvas.test,Melissa,Griffin,,student,active
758724169,melissa.woodard@canvas.test,melissa.woodard@canvas.test,Melissa,Woodard,['xe/xyr'],student,active
989414448,michael.casey@canvas.test,michael.casey@canvas.test,Michael,Casey,['they/them'],student,active
488052407,krista.garcia@canvas.test,krista.garcia@canvas.test,Krista,Garcia,['ze/zir'],student,suspended
908911730,kelly.willis@canvas.test,kelly.willis@canvas.test,Kelly,Willis,['they/them'],student,active
869803571,heather.malone@canvas.test,heather.malone@canvas.test,Heather,Malone,['xe/xyr'],student,active
241835481,shelley.molina@canvas.test,shelley.molina@canvas.test,Shelley,Molina,she/her,student,active
774177517,beth.james@canvas.test,beth.james@canvas.test,Beth,James,she/her,student,active
432390334,tabitha.torres@canvas.test,tabitha.torres@canvas.test,Tabitha,Torres,,student,active
904961604,sarah.atkinson@canvas.test,sarah.atkinson@canvas.test,Sarah,Atkinson,she/her,student,active
073430715,jasmin.williams@canvas.test,jasmin.williams@canvas.test,Jasmin,Williams,she/her,student,deleted
054313429,mallory.casey@canvas.test,mallory.casey@canvas.test,Mallory,Casey,she/her,student,active
777076139,troy.norman@canvas.test,troy.norman@canvas.test,Troy,Norman,['they/them'],student,active
908055636,melissa.little@canvas.test,melissa.little@canvas.test,Melissa,Little,,student,active
202288013,sarah.mcdonald@canvas.test,sarah.mcdonald@canvas.test,Sarah,Mcdonald,,student,active
268262288,wendy.thomas@canvas.test,wendy.thomas@canvas.test,Wendy,Thomas,she/her,student,active
332645867,heather.todd@canvas.test,heather.todd@canvas.test,Heather,Todd,she/her,student,active
626182225,dawn.wall@canvas.test,dawn.wall@canvas.test,Dawn,Wall,she/her,student,active
483308354,gary.burns@canvas.test,gary.burns@canvas.test,Gary,Burns,he/him,student,active
627806078,charles.jarvis@canvas.test,charles.jarvis@canvas.test,Charles,Jarvis,he/him,student,active
544092834,angel.hubbard@canvas.test,angel.hubbard@canvas.test,Angel,Hubbard,she/her,student,active
921579918,angela.frazier@canvas.test,angela.frazier@canvas.test,Angela,Frazier,she/her,student,active
721718831,peggy.gill@canvas.test,peggy.gill@canvas.test,Peggy,Gill,she/her,student,active
555908425,lauren.buckley@canvas.test,lauren.buckley@canvas.test,Lauren,Buckley,she/her,student,active
068941925,lorraine.carey@canvas.test,lorraine.carey@canvas.test,Lorraine,Carey,she/her,student,active
761346061,cathy.cole@canvas.test,cathy.cole@canvas.test,Cathy,Cole,she/her,student,deleted
096997339,molly.arnold@canvas.test,molly.arnold@canvas.test,Molly,Arnold,she/her,student,active
966605624,melissa.rivera@canvas.test,melissa.rivera@canvas.test,Melissa,Rivera,she/her,student,active
019296420,denise.gray@canvas.test,denise.gray@canvas.test,Denise,Gray,she/her,student,active
414505783,joan.garza@canvas.test,joan.garza@canvas.test,Joan,Garza,['xe/xyr'],student,active
942079614,melissa.hickman@canvas.test,melissa.hickman@canvas.test,Melissa,Hickman,she/her,student,active
116948263,donna.dennis@canvas.test,donna.dennis@canvas.test,Donna,Dennis,['they/them'],student,active
930843358,alejandro.blanchard@canvas.test,alejandro.blanchard@canvas.test,Alejandro,Blanchard,['they/them'],student,active
040161066,travis.haley@canvas.test,travis.haley@canvas.test,Travis,Haley,he/him,student,active
944223641,cynthia.austin@canvas.test,cynthia.austin@canvas.test,Cynthia,Austin,she/her,student,active
655669020,deborah.fuentes@canvas.test,deborah.fuentes@canvas.test,Deborah,Fuentes,she/her,student,active
660688097,joseph.young@canvas.test,joseph.young@canvas.test,Joseph,Young,he/him,student,active
784809663,jasmine.newman@canvas.test,jasmine.newman@canvas.test,Jasmine,Newman,she/her,student,active
753561058,hunter.anderson@canvas.test,hunter.anderson@canvas.test,Hunter,Anderson,['xe/xyr'],student,suspended
590855971,carrie.gonzalez@canvas.test,carrie.gonzalez@canvas.test,Carrie,Gonzalez,['ze/zir'],student,active
943862791,barbara.dunn@canvas.test,barbara.dunn@canvas.test,Barbara,Dunn,,student,active
591059708,brian.ray@canvas.test,brian.ray@canvas.test,Brian,Ray,['they/them'],student,active
713428608,jeanette.garcia@canvas.test,jeanette.garcia@canvas.test,Jeanette,Garcia,she/her,student,active
120747552,michelle.scott@canvas.test,michelle.scott@canvas.test,Michelle,Scott,she/her,student,active
165091469,linda.dominguez@canvas.test,linda.dominguez@canvas.test,Linda,Dominguez,she/her,student,active
594144547,julie.leon@canvas.test,julie.leon@canvas.test,Julie,Leon,she/her,student,active
726222193,kara.moyer@canvas.test,kara.moyer@canvas.test,Kara,Moyer,,student,active
992795003,stacy.clarke@canvas.test,stacy.clarke@canvas.test,Stacy,Clarke,she/her,student,active
590630282,savannah.patrick@canvas.test,savannah.patrick@canvas.test,Savannah,Patrick,,student,active
067365203,dennis.moore@canvas.test,dennis.moore@canvas.test,Dennis,Moore,['they/them'],student,active
938424631,tiffany.sanchez@canvas.test,tiffany.sanchez@canvas.test,Tiffany,Sanchez,she/her,student,active
029223203,shelly.buchanan@canvas.test,shelly.buchanan@canvas.test,Shelly,Buchanan,,student,active
272754871,thomas.vargas@canvas.test,thomas.vargas@canvas.test,Thomas,Vargas,he/him,student,active
579762196,john.webb@canvas.test,john.webb@canvas.test,John,Webb,,student,active
420503708,cynthia.smith@canvas.test,cynthia.smith@canvas.test,Cynthia,Smith,,student,active
231311670,leonard.bradford@canvas.test,leonard.bradford@canvas.test,Leonard,Bradford,['xe/xyr'],student,active
023653271,ruben.thomas@canvas.test,ruben.thomas@canvas.test,Ruben,Thomas,,student,active
577403089,rhonda.knapp@canvas.test,rhonda.knapp@canvas.test,Rhonda,Knapp,she/her,student,active
830506254,todd.ellis@canvas.test,todd.ellis@canvas.test,Todd,Ellis,he/him,student,active
210950692,stephen.walker@canvas.test,stephen.walker@canvas.test,Stephen,Walker,['ze/zir'],student,active
313046351,cheyenne.murphy@canvas.test,cheyenne.murphy@canvas.test,Cheyenne,Murphy,,student,active
599367796,sharon.morton@canvas.test,sharon.morton@canvas.test,Sharon,Morton,she/her,student,active
748493911,amy.key@canvas.test,amy.key@canvas.test,Amy,Key,she/her,student,active
239849213,daniel.washington@canvas.test,daniel.washington@canvas.test,Daniel,Washington,,teacher,active
103845729,timothy.mitchell@canvas.test,timothy.mitchell@canvas.test,Timothy,Mitchell,['they/them'],student,active
903898598,katherine.osborn@canvas.test,katherine.osborn@canvas.test,Katherine,Osborn,she/her,student,active
135645783,william.may@canvas.test,william.may@canvas.test,William,May,,student,active
125687670,michael.martinez@canvas.test,michael.martinez@canvas.test,Michael,Martinez,['ze/zir'],student,active
946111347,kristie.mitchell@canvas.test,kristie.mitchell@canvas.test,Kristie,Mitchell,she/her,student,active
539591822,zachary.allen@canvas.test,zachary.allen@canvas.test,Zachary,Allen,he/him,student,active
469798348,kenneth.giles@canvas.test,kenneth.giles@canvas.test,Kenneth,Giles,he/him,student,active
136835983,jeffrey.pearson@canvas.test,jeffrey.pearson@canvas.test,Jeffrey,Pearson,,student,active
362490946,julie.romero@canvas.test,julie.romero@canvas.test,Julie,Romero,she/her,student,active
493243145,andrea.monroe@canvas.test,andrea.monroe@canvas.test,Andrea,Monroe,she/her,student,active
856012163,alexis.peterson@canvas.test,alexis.peterson@canvas.test,Alexis,Peterson,['ze/zir'],student,active
952647453,ashley.bryant@canvas.test,ashley.bryant@canvas.test,Ashley,Bryant,['ze/zir'],student,active
586830732,jennifer.sellers@canvas.test,jennifer.sellers@canvas.test,Jennifer,Sellers,she/her,student,active
624950696,brian.anderson@canvas.test,brian.anderson@canvas.test,Brian,Anderson,he/him,student,active
438493612,thomas.kramer@canvas.test,thomas.kramer@canvas.test,Thomas,Kramer,he/him,student,active
846493170,alexandria.moore@canvas.test,alexandria.moore@canvas.test,Alexandria,Moore,,student,active
588021244,stacey.sanders@canvas.test,stacey.sanders@canvas.test,Stacey,Sanders,she/her,student,active
343148988,rachel.juarez@canvas.test,rachel.juarez@canvas.test,Rachel,Juarez,she/her,student,active
692292612,elijah.jones@canvas.test,elijah.jones@canvas.test,Elijah,Jones,['ze/zir'],student,active
521906245,sabrina.reeves@canvas.test,sabrina.reeves@canvas.test,Sabrina,Reeves,,student,active
813094993,kimberly.doyle@canvas.test,kimberly.doyle@canvas.test,Kimberly,Doyle,she/her,student,active
498332797,taylor.edwards@canvas.test,taylor.edwards@canvas.test,Taylor,Edwards,she/her,student,active
796540966,lisa.morgan@canvas.test,lisa.morgan@canvas.test,Lisa,Morgan,['xe/xyr'],student,active
695513909,cheryl.wilson@canvas.test,cheryl.wilson@canvas.test,Cheryl,Wilson,she/her,student,active
805084150,haley.cooper@canvas.test,haley.cooper@canvas.test,Haley,Cooper,she/her,student,active
244347386,sue.christensen@canvas.test,sue.christensen@canvas.test,Sue,Christensen,,student,active
889682070,steven.martin@canvas.test,steven.martin@canvas.test,Steven,Martin,he/him,student,active
336352283,jerry.ramirez@canvas.test,jerry.ramirez@canvas.test,Jerry,Ramirez,['ze/zir'],student,active
165859644,lisa.brooks@canvas.test,lisa.brooks@canvas.test,Lisa,Brooks,she/her,student,active
764505656,william.greene@canvas.test,william.greene@canvas.test,William,Greene,,teacher,active
166578119,nicole.arroyo@canvas.test,nicole.arroyo@canvas.test,Nicole,Arroyo,she/her,student,active
812253779,allen.simpson@canvas.test,allen.simpson@canvas.test,Allen,Simpson,,student,active
130066305,eric.myers@canvas.test,eric.myers@canvas.test,Eric,Myers,['they/them'],student,active
509663193,miranda.hart@canvas.test,miranda.hart@canvas.test,Miranda,Hart,['ze/zir'],student,active
670347925,ronnie.miller@canvas.test,ronnie.miller@canvas.test,Ronnie,Miller,he/him,student,active
747979296,david.bailey@canvas.test,david.bailey@canvas.test,David,Bailey,he/him,student,active
777758375,cynthia.ross@canvas.test,cynthia.ross@canvas.test,Cynthia,Ross,she/her,student,active
673495342,rebecca.carpenter@canvas.test,rebecca.carpenter@canvas.test,Rebecca,Carpenter,['ze/zir'],student,active
340448378,michael.holmes@canvas.test,michael.holmes@canvas.test,Michael,Holmes,['they/them'],student,active
018174752,christopher.roberts@canvas.test,christopher.roberts@canvas.test,Christopher,Roberts,,student,active
732337109,sabrina.wiggins@canvas.test,sabrina.wiggins@canvas.test,Sabrina,Wiggins,she/her,student,active
350768994,morgan.diaz@canvas.test,morgan.diaz@canvas.test,Morgan,Diaz,['xe/xyr'],student,active
449479947,melissa.johnson@canvas.test,melissa.johnson@canvas.test,Melissa,Johnson,,student,active
632074013,charles.johnson@canvas.test,charles.johnson@canvas.test,Charles,Johnson,he/him,student,active
350882788,mark.ponce@canvas.test,mark.ponce@canvas.test,Mark,Ponce,,student,active
993226720,jonathan.leon@canvas.test,jonathan.leon@canvas.test,Jonathan,Leon,,student,active
361214235,sonia.martin@canvas.test,sonia.martin@canvas.test,Sonia,Martin,['ze/zir'],student,active
345019986,thomas.gomez@canvas.test,thomas.gomez@canvas.test,Thomas,Gomez,,student,active
702690273,sharon.alexander@canvas.test,sharon.alexander@canvas.test,Sharon,Alexander,she/her,student,active
484057206,jeffrey.kelly@canvas.test,jeffrey.kelly@canvas.test,Jeffrey,Kelly,he/him,student,active
177126063,jennifer.howard@canvas.test,jennifer.howard@canvas.test,Jennifer,Howard,,student,active
408643691,ana.romero@canvas.test,ana.romero@canvas.test,Ana,Romero,she/her,student,active
751523536,michele.cannon@canvas.test,michele.cannon@canvas.test,Michele,Cannon,she/her,student,active
609172247,kathy.hull@canvas.test,kathy.hull@canvas.test,Kathy,Hull,she/her,student,active
167334067,kent.simmons@canvas.test,kent.simmons@canvas.test,Kent,Simmons,['ze/zir'],student,active
864877060,ariel.shelton@canvas.test,ariel.shelton@canvas.test,Ariel,Shelton,she/her,student,active
673040181,brett.rogers@canvas.test,brett.rogers@canvas.test,Brett,Rogers,,student,active
336355374,kevin.johnson@canvas.test,kevin.johnson@canvas.test,Kevin,Johnson,,student,active
377323755,stephanie.diaz@canvas.test,stephanie.diaz@canvas.test,Stephanie,Diaz,she/her,student,active
556482988,harry.gomez@canvas.test,harry.gomez@canvas.test,Harry,Gomez,,student,active
962351399,travis.bryant@canvas.test,travis.bryant@canvas.test,Travis,Bryant,['ze/zir'],student,active
190668279,david.miller@canvas.test,david.miller@canvas.test,David,Miller,,student,active
582279392,marie.hodges@canvas.test,marie.hodges@canvas.test,Marie,Hodges,she/her,student,active
868371199,oscar.carroll@canvas.test,oscar.carroll@canvas.test,Oscar,Carroll,he/him,student,suspended
819625462,wanda.michael@canvas.test,wanda.michael@canvas.test,Wanda,Michael,she/her,student,active
148141400,john.manning@canvas.test,john.manning@canvas.test,John,Manning,,student,active
305208736,michael.ramirez@canvas.test,michael.ramirez@canvas.test,Michael,Ramirez,he/him,student,active
760649081,ryan.carson@canvas.test,ryan.carson@canvas.test,Ryan,Carson,he/him,student,active
269562843,andrew.johnston@canvas.test,andrew.johnston@canvas.test,Andrew,Johnston,,student,active
996256552,nathan.wilkins@canvas.test,nathan.wilkins@canvas.test,Nathan,Wilkins,he/him,student,active
400974401,michael.castaneda@canvas.test,michael.castaneda@canvas.test,Michael,Castaneda,he/him,student,active
988025622,melissa.bradley@canvas.test,melissa.bradley@canvas.test,Melissa,Bradley,she/her,student,active
310508048,bridget.rodriguez@canvas.test,bridget.rodriguez@canvas.test,Bridget,Rodriguez,she/her,student,active
136124955,albert.johnson@canvas.test,albert.johnson@canvas.test,Albert,Johnson,,teacher,suspended
112415064,rhonda.lawson@canvas.test,rhonda.lawson@canvas.test,Rhonda,Lawson,,student,active
245921609,lisa.blanchard@canvas.test,lisa.blanchard@canvas.test,Lisa,Blanchard,she/her,student,active
840861690,hunter.bauer@canvas.test,hunter.bauer@canvas.test,Hunter,Bauer,he/him,student,active
438005376,rachael.grant@canvas.test,rachael.grant@canvas.test,Rachael,Grant,she/her,student,active
202777318,wendy.gonzalez@canvas.test,wendy.gonzalez@canvas.test,Wendy,Gonzalez,,student,active
773839845,hannah.robinson@canvas.test,hannah.robinson@canvas.test,Hannah,Robinson,she/her,student,active
578141456,ricky.robbins@canvas.test,ricky.robbins@canvas.test,Ricky,Robbins,he/him,student,active
605921044,william.edwards@canvas.test,william.edwards@canvas.test,William,Edwards,he/him,student,active
951027898,barbara.santiago@canvas.test,barbara.santiago@canvas.test,Barbara,Santiago,she/her,student,active
053051109,benjamin.shaffer@canvas.test,benjamin.shaffer@canvas.test,Benjamin,Shaffer,,student,active
534570255,sherry.riley@canvas.test,sherry.riley@canvas.test,Sherry,Riley,she/her,student,active
882615559,candice.cherry@canvas.test,candice.cherry@canvas.test,Candice,Cherry,she/her,student,active
820319693,cassandra.spencer@canvas.test,cassandra.spencer@canvas.test,Cassandra,Spencer,she/her,student,active
066506751,christine.moore@canvas.test,christine.moore@canvas.test,Christine,Moore,she/her,student,active
133558325,anita.howe@canvas.test,anita.howe@canvas.test,Anita,Howe,she/her,student,active
318384400,sarah.clark@canvas.test,sarah.clark@canvas.test,Sarah,Clark,she/her,student,active
901258513,walter.sanchez@canvas.test,walter.sanchez@canvas.test,Walter,Sanchez,he/him,student,deleted
135114428,kathleen.barker@canvas.test,kathleen.barker@canvas.test,Kathleen,Barker,she/her,student,active
405007733,natalie.davenport@canvas.test,natalie.davenport@canvas.test,Natalie,Davenport,['ze/zir'],student,active
386335080,samantha.wilson@canvas.test,samantha.wilson@canvas.test,Samantha,Wilson,,student,active
927557029,samantha.lewis@canvas.test,samantha.lewis@canvas.test,Samantha,Lewis,['they/them'],student,active
978856087,michelle.butler@canvas.test,michelle.butler@canvas.test,Michelle,Butler,she/her,student,active
045688380,katrina.kim@canvas.test,katrina.kim@canvas.test,Katrina,Kim,she/her,student,active
491932732,lisa.martin@canvas.test,lisa.martin@canvas.test,Lisa,Martin,she/her,student,active
026501403,michelle.pennington@canvas.test,michelle.pennington@canvas.test,Michelle,Pennington,she/her,student,active
136010615,daniel.navarro@canvas.test,daniel.navarro@canvas.test,Daniel,Navarro,['ze/zir'],student,active
299821162,michelle.washington@canvas.test,michelle.washington@canvas.test,Michelle,Washington,['they/them'],student,active
756730969,william.meza@canvas.test,william.meza@canvas.test,William,Meza,['ze/zir'],student,active
968184364,shelly.berger@canvas.test,shelly.berger@canvas.test,Shelly,Berger,,student,active
384216372,jessica.flores@canvas.test,jessica.flores@canvas.test,Jessica,Flores,['they/them'],student,active
522158925,joshua.lynch@canvas.test,joshua.lynch@canvas.test,Joshua,Lynch,,student,active
162228618,debra.powell@canvas.test,debra.powell@canvas.test,Debra,Powell,she/her,teacher,active
003930647,abigail.blackwell@canvas.test,abigail.blackwell@canvas.test,Abigail,Blackwell,she/her,student,active
940102402,andrew.curtis@canvas.test,andrew.curtis@canvas.test,Andrew,Curtis,,student,active
643944778,kevin.jackson@canvas.test,kevin.jackson@canvas.test,Kevin,Jackson,,student,active
036565241,steven.higgins@canvas.test,steven.higgins@canvas.test,Steven,Higgins,,student,active
965038442,amanda.greene@canvas.test,amanda.greene@canvas.test,Amanda,Greene,['xe/xyr'],student,active
085998024,kenneth.williams@canvas.test,kenneth.williams@canvas.test,Kenneth,Williams,he/him,student,active
876868617,sue.lyons@canvas.test,sue.lyons@canvas.test,Sue,Lyons,she/her,student,active
741544565,victoria.jackson@canvas.test,victoria.jackson@canvas.test,Victoria,Jackson,she/her,student,active
827213219,isaac.fitzpatrick@canvas.test,isaac.fitzpatrick@canvas.test,Isaac,Fitzpatrick,he/him,student,active
812842931,lisa.taylor@canvas.test,lisa.taylor@canvas.test,Lisa,Taylor,['they/them'],student,active
048280362,willie.pugh@canvas.test,willie.pugh@canvas.test,Willie,Pugh,['xe/xyr'],student,active
184696226,taylor.snyder@canvas.test,taylor.snyder@canvas.test,Taylor,Snyder,['xe/xyr'],student,active
672846844,rachel.lane@canvas.test,rachel.lane@canvas.test,Rachel,Lane,she/her,student,active
871541186,tiffany.archer@canvas.test,tiffany.archer@canvas.test,Tiffany,Archer,she/her,student,active
831989645,ricardo.summers@canvas.test,ricardo.summers@canvas.test,Ricardo,Summers,he/him,student,active
133985710,michael.wiggins@canvas.test,michael.wiggins@canvas.test,Michael,Wiggins,he/him,student,active
971361169,cathy.alvarado@canvas.test,cathy.alvarado@canvas.test,Cathy,Alvarado,she/her,student,active
757083941,tiffany.mclaughlin@canvas.test,tiffany.mclaughlin@canvas.test,Tiffany,Mclaughlin,,student,active
476947146,joanna.peterson@canvas.test,joanna.peterson@canvas.test,Joanna,Peterson,['xe/xyr'],student,active
268134467,diane.lee@canvas.test,diane.lee@canvas.test,Diane,Lee,she/her,student,active
398515095,kevin.parks@canvas.test,kevin.parks@canvas.test,Kevin,Parks,he/him,student,active
952531590,james.torres@canvas.test,james.torres@canvas.test,James,Torres,he/him,student,active
631473312,patricia.rios@canvas.test,patricia.rios@canvas.test,Patricia,Rios,['ze/zir'],student,active
369785851,lisa.harrell@canvas.test,lisa.harrell@canvas.test,Lisa,Harrell,she/her,student,active
783910905,janet.vega@canvas.test,janet.vega@canvas.test,Janet,Vega,she/her,student,active
229316344,susan.bonilla@canvas.test,susan.bonilla@canvas.test,Susan,Bonilla,she/her,student,active
313180187,mary.haney@canvas.test,mary.haney@canvas.test,Mary,Haney,she/her,student,active
713618651,paul.hodges@canvas.test,paul.hodges@canvas.test,Paul,Hodges,he/him,student,active
118866379,michael.townsend@canvas.test,michael.townsend@canvas.test,Michael,Townsend,he/him,student,active
452041487,lori.jones@canvas.test,lori.jones@canvas.test,Lori,Jones,,student,active
628326065,elizabeth.young@canvas.test,elizabeth.young@canvas.test,Elizabeth,Young,['xe/xyr'],student,deleted
005029965,nicholas.cohen@canvas.test,nicholas.cohen@canvas.test,Nicholas,Cohen,,student,active
094685647,tanya.gonzalez@canvas.test,tanya.gonzalez@canvas.test,Tanya,Gonzalez,she/her,student,active
151864545,andrea.smith@canvas.test,andrea.smith@canvas.test,Andrea,Smith,she/her,student,active
260189944,linda.richardson@canvas.test,linda.richardson@canvas.test,Linda,Richardson,,student,active
622490079,mark.williams@canvas.test,mark.williams@canvas.test,Mark,Williams,he/him,student,active
966975328,karen.peters@canvas.test,karen.peters@canvas.test,Karen,Peters,she/her,student,active
377487716,brandon.campos@canvas.test,brandon.campos@canvas.test,Brandon,Campos,,student,active
873004014,john.branch@canvas.test,john.branch@canvas.test,John,Branch,he/him,student,active
290935621,nicole.williams0@canvas.test,nicole.williams0@canvas.test,Nicole,Williams,she/her,student,active
483863882,laura.sanchez@canvas.test,laura.sanchez@canvas.test,Laura,Sanchez,she/her,student,active
362682713,david.martinez@canvas.test,david.martinez@canvas.test,David,Martinez,he/him,student,active
648899915,jessica.simpson@canvas.test,jessica.simpson@canvas.test,Jessica,Simpson,she/her,student,active
481791212,kevin.douglas@canvas.test,kevin.douglas@canvas.test,Kevin,Douglas,he/him,student,active
094231261,paul.greene@canvas.test,paul.greene@canvas.test,Paul,Greene,,student,active
306804875,mary.sanchez@canvas.test,mary.sanchez@canvas.test,Mary,Sanchez,,student,active
158056346,sara.mcdaniel@canvas.test,sara.mcdaniel@canvas.test,Sara,Mcdaniel,she/her,student,active
506318220,isaac.gonzalez@canvas.test,isaac.gonzalez@canvas.test,Isaac,Gonzalez,['they/them'],student,active
883895681,lisa.white@canvas.test,lisa.white@canvas.test,Lisa,White,she/her,student,active
303236160,willie.schwartz@canvas.test,willie.schwartz@canvas.test,Willie,Schwartz,he/him,student,active
755039847,joseph.moore@canvas.test,joseph.moore@canvas.test,Joseph,Moore,he/him,student,active
582795798,katherine.ewing@canvas.test,katherine.ewing@canvas.test,Katherine,Ewing,she/her,student,suspended
133818278,jennifer.griffin@canvas.test,jennifer.griffin@canvas.test,Jennifer,Griffin,she/her,student,active
685850498,nicholas.grimes@canvas.test,nicholas.grimes@canvas.test,Nicholas,Grimes,,student,active
741151471,christopher.waters@canvas.test,christopher.waters@canvas.test,Christopher,Waters,['ze/zir'],student,active
916996928,meghan.fitzpatrick@canvas.test,meghan.fitzpatrick@canvas.test,Meghan,Fitzpatrick,,student,active
159662892,frances.holland@canvas.test,frances.holland@canvas.test,Frances,Holland,she/her,student,active
131966302,audrey.randolph@canvas.test,audrey.randolph@canvas.test,Audrey,Randolph,she/her,student,active
213622625,eric.cooper@canvas.test,eric.cooper@canvas.test,Eric,Cooper,he/him,student,active
215814174,ann.foster@canvas.test,ann.foster@canvas.test,Ann,Foster,she/her,student,active
633358819,jenny.soto@canvas.test,jenny.soto@canvas.test,Jenny,Soto,['ze/zir'],student,active
492488657,amanda.adams@canvas.test,amanda.adams@canvas.test,Amanda,Adams,['ze/zir'],student,active
318411717,darin.flores@canvas.test,darin.flores@canvas.test,Darin,Flores,he/him,student,active
238821837,theresa.schneider@canvas.test,theresa.schneider@canvas.test,Theresa,Schneider,she/her,student,active
327074186,carrie.holland@canvas.test,carrie.holland@canvas.test,Carrie,Holland,['ze/zir'],student,active
880571099,jennifer.diaz@canvas.test,jennifer.diaz@canvas.test,Jennifer,Diaz,she/her,student,active
368089422,barbara.carr@canvas.test,barbara.carr@canvas.test,Barbara,Carr,['ze/zir'],student,active
345053585,linda.stevenson@canvas.test,linda.stevenson@canvas.test,Linda,Stevenson,she/her,student,deleted
048625624,catherine.jimenez@canvas.test,catherine.jimenez@canvas.test,Catherine,Jimenez,,student,active
366952247,christopher.barber@canvas.test,christopher.barber@canvas.test,Christopher,Barber,['they/them'],student,active
598317760,danielle.white@canvas.test,danielle.white@canvas.test,Danielle,White,she/her,student,active
416582795,christopher.baker@canvas.test,christopher.baker@canvas.test,Christopher,Baker,he/him,student,active
967714343,jasmine.garza@canvas.test,jasmine.garza@canvas.test,Jasmine,Garza,she/her,student,active
945748040,melissa.espinoza@canvas.test,melissa.espinoza@canvas.test,Melissa,Espinoza,she/her,student,active
342432986,lisa.mcgrath@canvas.test,lisa.mcgrath@canvas.test,Lisa,Mcgrath,she/her,student,active
731399131,bethany.lewis@canvas.test,bethany.lewis@canvas.test,Bethany,Lewis,she/her,student,active
606716498,christine.holloway@canvas.test,christine.holloway@canvas.test,Christine,Holloway,she/her,student,active
847725242,michael.yu@canvas.test,michael.yu@canvas.test,Michael,Yu,he/him,student,active
979695382,stacy.marshall@canvas.test,stacy.marshall@canvas.test,Stacy,Marshall,she/her,student,active
266955684,natalie.jenkins@canvas.test,natalie.jenkins@canvas.test,Natalie,Jenkins,she/her,student,active
195432691,bradley.davis@canvas.test,bradley.davis@canvas.test,Bradley,Davis,,student,active
478406816,elizabeth.turner@canvas.test,elizabeth.turner@canvas.test,Elizabeth,Turner,,student,active
867666297,emily.jackson@canvas.test,emily.jackson@canvas.test,Emily,Jackson,,student,active
156904381,andrea.edwards@canvas.test,andrea.edwards@canvas.test,Andrea,Edwards,she/her,student,active
813741645,jacqueline.white@canvas.test,jacqueline.white@canvas.test,Jacqueline,White,['ze/zir'],student,active
234308173,amanda.logan@canvas.test,amanda.logan@canvas.test,Amanda,Logan,she/her,student,active
502946672,william.wright@canvas.test,william.wright@canvas.test,William,Wright,he/him,student,active
342228089,erica.hall@canvas.test,erica.hall@canvas.test,Erica,Hall,,student,active
273546524,grant.faulkner@canvas.test,grant.faulkner@canvas.test,Grant,Faulkner,['ze/zir'],student,active
346067599,felicia.garcia@canvas.test,felicia.garcia@canvas.test,Felicia,Garcia,she/her,student,active
747302195,dana.lopez@canvas.test,dana.lopez@canvas.test,Dana,Lopez,she/her,student,active
782166492,jaime.davenport@canvas.test,jaime.davenport@canvas.test,Jaime,Davenport,she/her,student,active
949019476,jessica.richardson@canvas.test,jessica.richardson@canvas.test,Jessica,Richardson,she/her,student,active
891493965,eric.king@canvas.test,eric.king@canvas.test,Eric,King,he/him,student,active
372986166,steven.jennings@canvas.test,steven.jennings@canvas.test,Steven,Jennings,,student,active
013870819,deborah.shaw@canvas.test,deborah.shaw@canvas.test,Deborah,Shaw,['they/them'],teacher,active
765802669,ryan.schroeder@canvas.test,ryan.schroeder@canvas.test,Ryan,Schroeder,,student,active
644020622,katie.willis@canvas.test,katie.willis@canvas.test,Katie,Willis,she/her,student,deleted
517881470,valerie.jensen@canvas.test,valerie.jensen@canvas.test,Valerie,Jensen,she/her,student,active
106598739,caroline.anderson@canvas.test,caroline.anderson@canvas.test,Caroline,Anderson,,student,active
201957746,leah.mitchell@canvas.test,leah.mitchell@canvas.test,Leah,Mitchell,she/her,teacher,active
308287030,tiffany.fowler@canvas.test,tiffany.fowler@canvas.test,Tiffany,Fowler,she/her,student,active
429378555,tina.logan@canvas.test,tina.logan@canvas.test,Tina,Logan,['xe/xyr'],student,active
589917887,mary.romero@canvas.test,mary.romero@canvas.test,Mary,Romero,she/her,student,active
437661987,tracie.walker@canvas.test,tracie.walker@canvas.test,Tracie,Walker,['xe/xyr'],student,active
977672065,jesse.silva@canvas.test,jesse.silva@canvas.test,Jesse,Silva,['ze/zir'],student,active
127650184,christopher.long@canvas.test,christopher.long@canvas.test,Christopher,Long,['they/them'],student,active
374744192,lisa.little@canvas.test,lisa.little@canvas.test,Lisa,Little,she/her,student,active
033618369,cody.garcia@canvas.test,cody.garcia@canvas.test,Cody,Garcia,he/him,student,active
806925265,nicole.rodriguez@canvas.test,nicole.rodriguez@canvas.test,Nicole,Rodriguez,,student,active
844409998,christopher.harris@canvas.test,christopher.harris@canvas.test,Christopher,Harris,he/him,student,active
451464466,melissa.dennis@canvas.test,melissa.dennis@canvas.test,Melissa,Dennis,she/her,student,active
729716048,victoria.richards@canvas.test,victoria.richards@canvas.test,Victoria,Richards,['they/them'],student,active
592929084,thomas.rodgers@canvas.test,thomas.rodgers@canvas.test,Thomas,Rodgers,['ze/zir'],teacher,active
183629081,amanda.jones@canvas.test,amanda.jones@canvas.test,Amanda,Jones,['xe/xyr'],student,active
267294872,cheyenne.doyle@canvas.test,cheyenne.doyle@canvas.test,Cheyenne,Doyle,she/her,student,active
538744612,paul.carr@canvas.test,paul.carr@canvas.test,Paul,Carr,['ze/zir'],student,active
820482423,donna.white@canvas.test,donna.white@canvas.test,Donna,White,she/her,student,active
338447077,susan.wiley@canvas.test,susan.wiley@canvas.test,Susan,Wiley,she/her,teacher,active
755644911,nicole.bell@canvas.test,nicole.bell@canvas.test,Nicole,Bell,she/her,student,active
081684588,samantha.green@canvas.test,samantha.green@canvas.test,Samantha,Green,she/her,student,active
065479999,denise.gomez@canvas.test,denise.gomez@canvas.test,Denise,Gomez,['xe/xyr'],student,active
990748701,timothy.gomez@canvas.test,timothy.gomez@canvas.test,Timothy,Gomez,he/him,student,active
220552995,david.valenzuela@canvas.test,david.valenzuela@canvas.test,David,Valenzuela,,student,active
236123388,toni.may@canvas.test,toni.may@canvas.test,Toni,May,['they/them'],student,active
669918035,linda.hayes@canvas.test,linda.hayes@canvas.test,Linda,Hayes,she/her,student,active
327764058,anthony.obrien@canvas.test,anthony.obrien@canvas.test,Anthony,Obrien,['they/them'],student,active
337756004,jacob.williams@canvas.test,jacob.williams@canvas.test,Jacob,Williams,,student,active
430836409,rachel.reed@canvas.test,rachel.reed@canvas.test,Rachel,Reed,she/her,student,active
817260619,jonathan.frank@canvas.test,jonathan.frank@canvas.test,Jonathan,Frank,he/him,student,active
071271768,elizabeth.davis@canvas.test,elizabeth.davis@canvas.test,Elizabeth,Davis,she/her,student,active
270942830,kristina.armstrong@canvas.test,kristina.armstrong@canvas.test,Kristina,Armstrong,she/her,student,active
416675708,sara.ross@canvas.test,sara.ross@canvas.test,Sara,Ross,['they/them'],student,active
571831116,anthony.dunn@canvas.test,anthony.dunn@canvas.test,Anthony,Dunn,he/him,student,active
416725323,tamara.buchanan@canvas.test,tamara.buchanan@canvas.test,Tamara,Buchanan,she/her,student,active
986698191,steven.stewart@canvas.test,steven.stewart@canvas.test,Steven,Stewart,he/him,student,active
896631761,tanner.mcdaniel@canvas.test,tanner.mcdaniel@canvas.test,Tanner,Mcdaniel,,student,active
103133595,jessica.baldwin@canvas.test,jessica.baldwin@canvas.test,Jessica,Baldwin,she/her,student,active
681446373,jeremiah.king@canvas.test,jeremiah.king@canvas.test,Jeremiah,King,['they/them'],student,active
939126912,jeremy.martinez@canvas.test,jeremy.martinez@canvas.test,Jeremy,Martinez,he/him,student,active
992127183,terry.phelps@canvas.test,terry.phelps@canvas.test,Terry,Phelps,,student,active
088796168,matthew.garcia@canvas.test,matthew.garcia@canvas.test,Matthew,Garcia,['xe/xyr'],teacher,active
262267241,sarah.payne@canvas.test,sarah.payne@canvas.test,Sarah,Payne,she/her,student,active
289282747,chad.wolf@canvas.test,chad.wolf@canvas.test,Chad,Wolf,,student,active
751565438,jay.vega@canvas.test,jay.vega@canvas.test,Jay,Vega,['xe/xyr'],student,active
660149536,robert.duncan@canvas.test,robert.duncan@canvas.test,Robert,Duncan,,student,active
095169058,jeffrey.norman@canvas.test,jeffrey.norman@canvas.test,Jeffrey,Norman,['xe/xyr'],student,active
115286547,ryan.adams@canvas.test,ryan.adams@canvas.test,Ryan,Adams,he/him,student,active
430118503,larry.jenkins@canvas.test,larry.jenkins@canvas.test,Larry,Jenkins,he/him,student,active
594425916,amber.franco@canvas.test,amber.franco@canvas.test,Amber,Franco,['they/them'],student,active
687120812,john.brewer@canvas.test,john.brewer@canvas.test,John,Brewer,,student,active
871725102,charles.stark@canvas.test,charles.stark@canvas.test,Charles,Stark,,student,active
699179928,alexis.gilbert@canvas.test,alexis.gilbert@canvas.test,Alexis,Gilbert,,student,active
602900118,dennis.brown@canvas.test,dennis.brown@canvas.test,Dennis,Brown,he/him,student,active
467901538,nicole.shea@canvas.test,nicole.shea@canvas.test,Nicole,Shea,['ze/zir'],student,active
750788566,robert.morris@canvas.test,robert.morris@canvas.test,Robert,Morris,he/him,student,active
239531258,alice.huffman@canvas.test,alice.huffman@canvas.test,Alice,Huffman,['they/them'],student,active
470135046,amber.moore@canvas.test,amber.moore@canvas.test,Amber,Moore,she/her,student,active
579607667,angela.gibbs@canvas.test,angela.gibbs@canvas.test,Angela,Gibbs,['ze/zir'],student,active
555187359,norman.james@canvas.test,norman.james@canvas.test,Norman,James,he/him,student,active
934398758,ronald.edwards@canvas.test,ronald.edwards@canvas.test,Ronald,Edwards,he/him,student,active
192519803,michael.todd@canvas.test,michael.todd@canvas.test,Michael,Todd,he/him,student,active
082538022,ruth.sanchez@canvas.test,ruth.sanchez@canvas.test,Ruth,Sanchez,she/her,student,active
014729563,jennifer.meyers@canvas.test,jennifer.meyers@canvas.test,Jennifer,Meyers,she/her,student,active
675693929,kelly.daniels@canvas.test,kelly.daniels@canvas.test,Kelly,Daniels,['xe/xyr'],student,active
376700176,katherine.taylor@canvas.test,katherine.taylor@canvas.test,Katherine,Taylor,she/her,student,active
949714354,tammy.larsen@canvas.test,tammy.larsen@canvas.test,Tammy,Larsen,she/her,student,active
294389012,nicole.stanley@canvas.test,nicole.stanley@canvas.test,Nicole,Stanley,she/her,student,active
360988347,christopher.ford@canvas.test,christopher.ford@canvas.test,Christopher,Ford,he/him,student,active
786769757,stephanie.patel@canvas.test,stephanie.patel@canvas.test,Stephanie,Patel,she/her,student,active
659280404,joel.poole@canvas.test,joel.poole@canvas.test,Joel,Poole,he/him,student,active
924437101,william.smith@canvas.test,william.smith@canvas.test,William,Smith,,student,active
324964181,ellen.patel@canvas.test,ellen.patel@canvas.test,Ellen,Patel,she/her,student,active
189446422,mike.shea@canvas.test,mike.shea@canvas.test,Mike,Shea,,student,active
481245051,julia.hickman@canvas.test,julia.hickman@canvas.test,Julia,Hickman,she/her,student,active
050076851,connie.livingston@canvas.test,connie.livingston@canvas.test,Connie,Livingston,she/her,student,active
249642326,richard.payne@canvas.test,richard.payne@canvas.test,Richard,Payne,['ze/zir'],student,active
373033258,kevin.carpenter@canvas.test,kevin.carpenter@canvas.test,Kevin,Carpenter,['xe/xyr'],student,active
459617589,edward.grant@canvas.test,edward.grant@canvas.test,Edward,Grant,,student,active
844042811,mallory.williams@canvas.test,mallory.williams@canvas.test,Mallory,Williams,she/her,student,active
311452769,susan.williams@canvas.test,susan.williams@canvas.test,Susan,Williams,she/her,student,active
736074683,jennifer.randolph@canvas.test,jennifer.randolph@canvas.test,Jennifer,Randolph,,student,active
843687731,andrea.moses@canvas.test,andrea.moses@canvas.test,Andrea,Moses,she/her,student,active
492023299,jose.martinez@canvas.test,jose.martinez@canvas.test,Jose,Martinez,,student,active
756144443,russell.lee@canvas.test,russell.lee@canvas.test,Russell,Lee,['they/them'],student,active
546143113,john.pratt@canvas.test,john.pratt@canvas.test,John,Pratt,['xe/xyr'],student,active
972765309,darren.landry@canvas.test,darren.landry@canvas.test,Darren,Landry,['they/them'],student,active
724595576,erika.mccarty@canvas.test,erika.mccarty@canvas.test,Erika,Mccarty,,student,active
718519570,lauren.rivera@canvas.test,lauren.rivera@canvas.test,Lauren,Rivera,she/her,student,active
139140786,kristina.ortiz@canvas.test,kristina.ortiz@canvas.test,Kristina,Ortiz,she/her,student,active
628083998,kimberly.reyes@canvas.test,kimberly.reyes@canvas.test,Kimberly,Reyes,['ze/zir'],student,active
532774870,regina.hughes@canvas.test,regina.hughes@canvas.test,Regina,Hughes,she/her,student,active
423382485,allison.rodriguez@canvas.test,allison.rodriguez@canvas.test,Allison,Rodriguez,,student,active
743059047,jason.nolan@canvas.test,jason.nolan@canvas.test,Jason,Nolan,,student,active
292431791,steven.davis@canvas.test,steven.davis@canvas.test,Steven,Davis,he/him,student,active
923909486,christina.jones@canvas.test,christina.jones@canvas.test,Christina,Jones,she/her,student,active
669742000,jane.lowery@canvas.test,jane.lowery@canvas.test,Jane,Lowery,,teacher,active
548522415,roy.fuller@canvas.test,roy.fuller@canvas.test,Roy,Fuller,he/him,student,active
403144107,valerie.rangel@canvas.test,valerie.rangel@canvas.test,Valerie,Rangel,['they/them'],student,active
018566938,stephanie.harrison@canvas.test,stephanie.harrison@canvas.test,Stephanie,Harrison,she/her,student,active
162647614,michael.mcdaniel@canvas.test,michael.mcdaniel@canvas.test,Michael,Mcdaniel,he/him,student,active
474920322,sarah.alexander@canvas.test,sarah.alexander@canvas.test,Sarah,Alexander,she/her,teacher,active
104829897,jennifer.cantu@canvas.test,jennifer.cantu@canvas.test,Jennifer,Cantu,she/her,student,active
539506520,melissa.herrera@canvas.test,melissa.herrera@canvas.test,Melissa,Herrera,she/her,student,active
811665826,douglas.mcdonald@canvas.test,douglas.mcdonald@canvas.test,Douglas,Mcdonald,he/him,student,active
438959126,christopher.nguyen@canvas.test,christopher.nguyen@canvas.test,Christopher,Nguyen,,teacher,active
645670804,john.rojas@canvas.test,john.rojas@canvas.test,John,Rojas,he/him,student,active
498614770,sierra.cooper@canvas.test,sierra.cooper@canvas.test,Sierra,Cooper,she/her,student,active
329040097,robert.jones@canvas.test,robert.jones@canvas.test,Robert,Jones,,student,active
532283773,timothy.dunn@canvas.test,timothy.dunn@canvas.test,Timothy,Dunn,he/him,student,active
804756827,scott.harris@canvas.test,scott.harris@canvas.test,Scott,Harris,,student,active
929827818,danielle.phelps@canvas.test,danielle.phelps@canvas.test,Danielle,Phelps,she/her,student,active
955956028,denise.griffin@canvas.test,denise.griffin@canvas.test,Denise,Griffin,she/her,student,active
553684800,edward.bates@canvas.test,edward.bates@canvas.test,Edward,Bates,,student,active
370157155,richard.prince@canvas.test,richard.prince@canvas.test,Richard,Prince,,student,active
087592854,sherry.sexton@canvas.test,sherry.sexton@canvas.test,Sherry,Sexton,she/her,student,active
933391578,felicia.johnson@canvas.test,felicia.johnson@canvas.test,Felicia,Johnson,she/her,student,active
460705548,bruce.becker@canvas.test,bruce.becker@canvas.test,Bruce,Becker,he/him,student,active
705649149,maria.jones@canvas.test,maria.jones@canvas.test,Maria,Jones,she/her,student,active
850738786,ryan.bowers@canvas.test,ryan.bowers@canvas.test,Ryan,Bowers,,student,active
909838324,amanda.glover@canvas.test,amanda.glover@canvas.test,Amanda,Glover,she/her,student,active
762367576,ronnie.brooks@canvas.test,ronnie.brooks@canvas.test,Ronnie,Brooks,['xe/xyr'],student,active
222151107,paul.johnson@canvas.test,paul.johnson@canvas.test,Paul,Johnson,,student,suspended
467367303,brian.cox@canvas.test,brian.cox@canvas.test,Brian,Cox,['ze/zir'],student,active
481594403,jose.henry@canvas.test,jose.henry@canvas.test,Jose,Henry,,student,active
617065514,stephanie.graham@canvas.test,stephanie.graham@canvas.test,Stephanie,Graham,she/her,student,active
894706635,michael.miller@canvas.test,michael.miller@canvas.test,Michael,Miller,he/him,student,active
927922067,marissa.martin@canvas.test,marissa.martin@canvas.test,Marissa,Martin,she/her,student,active
140850315,stacy.henry@canvas.test,stacy.henry@canvas.test,Stacy,Henry,she/her,student,active
399523080,omar.hoffman@canvas.test,omar.hoffman@canvas.test,Omar,Hoffman,he/him,student,active
006575474,brenda.watson@canvas.test,brenda.watson@canvas.test,Brenda,Watson,['they/them'],student,active
679042186,stephanie.haas@canvas.test,stephanie.haas@canvas.test,Stephanie,Haas,,student,active
716031295,samantha.wright@canvas.test,samantha.wright@canvas.test,Samantha,Wright,she/her,student,active
825118443,shari.boyle@canvas.test,shari.boyle@canvas.test,Shari,Boyle,she/her,student,active
814618447,rita.moore@canvas.test,rita.moore@canvas.test,Rita,Moore,['they/them'],student,active
587263780,sherry.martinez@canvas.test,sherry.martinez@canvas.test,Sherry,Martinez,['they/them'],student,active
655087835,joshua.carr@canvas.test,joshua.carr@canvas.test,Joshua,Carr,['they/them'],student,active
762358118,janice.lambert@canvas.test,janice.lambert@canvas.test,Janice,Lambert,she/her,student,active
641306458,julie.taylor@canvas.test,julie.taylor@canvas.test,Julie,Taylor,she/her,student,active
111134163,meagan.olsen@canvas.test,meagan.olsen@canvas.test,Meagan,Olsen,['they/them'],student,active
827204859,todd.moore@canvas.test,todd.moore@canvas.test,Todd,Moore,['xe/xyr'],student,suspended
942471142,joseph.fleming@canvas.test,joseph.fleming@canvas.test,Joseph,Fleming,he/him,student,active
853297446,kathleen.martin@canvas.test,kathleen.martin@canvas.test,Kathleen,Martin,['ze/zir'],student,active
082367812,sharon.lewis@canvas.test,sharon.lewis@canvas.test,Sharon,Lewis,['ze/zir'],student,active
159032102,melvin.brown@canvas.test,melvin.brown@canvas.test,Melvin,Brown,['they/them'],student,active
385956239,mark.cuevas@canvas.test,mark.cuevas@canvas.test,Mark,Cuevas,['they/them'],student,active
945645832,brian.kelly@canvas.test,brian.kelly@canvas.test,Brian,Kelly,['they/them'],student,active
324630428,juan.mullins@canvas.test,juan.mullins@canvas.test,Juan,Mullins,he/him,student,active
404259710,hailey.williams@canvas.test,hailey.williams@canvas.test,Hailey,Williams,she/her,student,active
881356546,lori.jones0@canvas.test,lori.jones0@canvas.test,Lori,Jones,she/her,student,active
594709541,christopher.brown@canvas.test,christopher.brown@canvas.test,Christopher,Brown,he/him,student,active
609762570,john.cameron@canvas.test,john.cameron@canvas.test,John,Cameron,['xe/xyr'],student,active
130394158,jennifer.house@canvas.test,jennifer.house@canvas.test,Jennifer,House,she/her,student,active
981535564,john.garrison@canvas.test,john.garrison@canvas.test,John,Garrison,,student,active
698987007,james.cruz@canvas.test,james.cruz@canvas.test,James,Cruz,['ze/zir'],student,active
713633034,jesus.brooks@canvas.test,jesus.brooks@canvas.test,Jesus,Brooks,['ze/zir'],student,active
842738306,judy.cunningham@canvas.test,judy.cunningham@canvas.test,Judy,Cunningham,she/her,student,active
856765687,zachary.hall@canvas.test,zachary.hall@canvas.test,Zachary,Hall,['ze/zir'],student,active
813091099,rita.hernandez@canvas.test,rita.hernandez@canvas.test,Rita,Hernandez,she/her,student,active
529578945,melanie.wilson@canvas.test,melanie.wilson@canvas.test,Melanie,Wilson,['they/them'],teacher,active
624489312,albert.guerra@canvas.test,albert.guerra@canvas.test,Albert,Guerra,,student,active
349534468,colton.olson@canvas.test,colton.olson@canvas.test,Colton,Olson,he/him,student,active
071170181,ann.roach@canvas.test,ann.roach@canvas.test,Ann,Roach,,student,active
477113262,karen.johnson0@canvas.test,karen.johnson0@canvas.test,Karen,Johnson,she/her,student,active
657959342,matthew.robinson@canvas.test,matthew.robinson@canvas.test,Matthew,Robinson,,student,active
360916548,erin.zhang@canvas.test,erin.zhang@canvas.test,Erin,Zhang,,student,active
488364563,phillip.walker@canvas.test,phillip.walker@canvas.test,Phillip,Walker,he/him,student,active
459995500,kimberly.thompson@canvas.test,kimberly.thompson@canvas.test,Kimberly,Thompson,she/her,student,active
229204069,anthony.ochoa@canvas.test,anthony.ochoa@canvas.test,Anthony,Ochoa,,student,active
917545453,ashley.andrews@canvas.test,ashley.andrews@canvas.test,Ashley,Andrews,she/her,student,active
246460957,rhonda.rollins@canvas.test,rhonda.rollins@canvas.test,Rhonda,Rollins,she/her,student,active
705338806,brett.mckay@canvas.test,brett.mckay@canvas.test,Brett,Mckay,he/him,student,active
468406378,brittany.harris@canvas.test,brittany.harris@canvas.test,Brittany,Harris,she/her,student,active
878032533,shelia.evans@canvas.test,shelia.evans@canvas.test,Shelia,Evans,she/her,student,active
140421722,lori.williams@canvas.test,lori.williams@canvas.test,Lori,Williams,she/her,student,active
231111508,kristina.shepherd@canvas.test,kristina.shepherd@canvas.test,Kristina,Shepherd,she/her,student,active
525634024,adrian.hale@canvas.test,adrian.hale@canvas.test,Adrian,Hale,['ze/zir'],student,active
086753281,isabella.sampson@canvas.test,isabella.sampson@canvas.test,Isabella,Sampson,,student,active
257181230,sophia.wilson@canvas.test,sophia.wilson@canvas.test,Sophia,Wilson,she/her,student,active
275454272,paul.vasquez@canvas.test,paul.vasquez@canvas.test,Paul,Vasquez,he/him,student,active
070639825,rebecca.mcdonald@canvas.test,rebecca.mcdonald@canvas.test,Rebecca,Mcdonald,,student,active
527826666,steven.vaughn@canvas.test,steven.vaughn@canvas.test,Steven,Vaughn,he/him,student,active
116622099,jessica.scott@canvas.test,jessica.scott@canvas.test,Jessica,Scott,she/her,student,active
799707794,colleen.mata@canvas.test,colleen.mata@canvas.test,Colleen,Mata,she/her,student,active
414743234,julia.murphy@canvas.test,julia.murphy@canvas.test,Julia,Murphy,she/her,student,active
504285005,kimberly.cohen@canvas.test,kimberly.cohen@canvas.test,Kimberly,Cohen,she/her,teacher,active
660062714,steven.smith@canvas.test,steven.smith@canvas.test,Steven,Smith,he/him,student,active
538079358,laura.young@canvas.test,laura.young@canvas.test,Laura,Young,['xe/xyr'],student,active
684540237,hannah.harrington@canvas.test,hannah.harrington@canvas.test,Hannah,Harrington,she/her,teacher,active
331966475,belinda.allen@canvas.test,belinda.allen@canvas.test,Belinda,Allen,she/her,student,active
408857859,katrina.lawrence@canvas.test,katrina.lawrence@canvas.test,Katrina,Lawrence,,student,active
336120850,susan.harrison@canvas.test,susan.harrison@canvas.test,Susan,Harrison,she/her,student,active
418083270,catherine.williams@canvas.test,catherine.williams@canvas.test,Catherine,Williams,she/her,student,active
403437811,eddie.kelly@canvas.test,eddie.kelly@canvas.test,Eddie,Kelly,['they/them'],student,active
338583914,angela.johnson@canvas.test,angela.johnson@canvas.test,Angela,Johnson,she/her,student,active
559443389,charles.salazar@canvas.test,charles.salazar@canvas.test,Charles,Salazar,he/him,student,active
413792980,chad.bowers@canvas.test,chad.bowers@canvas.test,Chad,Bowers,,student,active
128302613,kelly.wilson@canvas.test,kelly.wilson@canvas.test,Kelly,Wilson,['xe/xyr'],teacher,active
736128578,laura.hernandez@canvas.test,laura.hernandez@canvas.test,Laura,Hernandez,,student,active
641833880,bobby.alexander@canvas.test,bobby.alexander@canvas.test,Bobby,Alexander,['ze/zir'],teacher,active
425190796,elizabeth.holder@canvas.test,elizabeth.holder@canvas.test,Elizabeth,Holder,she/her,student,active
166648475,john.lopez@canvas.test,john.lopez@canvas.test,John,Lopez,he/him,student,active
358419396,kimberly.wallace@canvas.test,kimberly.wallace@canvas.test,Kimberly,Wallace,she/her,student,active
359843005,jeremy.scott@canvas.test,jeremy.scott@canvas.test,Jeremy,Scott,he/him,student,active
535091822,laura.bell@canvas.test,laura.bell@canvas.test,Laura,Bell,she/her,student,active
892126545,lisa.ford@canvas.test,lisa.ford@canvas.test,Lisa,Ford,she/her,student,active
000636275,susan.barnes@canvas.test,susan.barnes@canvas.test,Susan,Barnes,['xe/xyr'],student,active
045789900,charlene.irwin@canvas.test,charlene.irwin@canvas.test,Charlene,Irwin,she/her,student,active
305188361,larry.robinson@canvas.test,larry.robinson@canvas.test,Larry,Robinson,,student,active
932287053,laura.herrera@canvas.test,laura.herrera@canvas.test,Laura,Herrera,she/her,student,active
949918381,catherine.evans@canvas.test,catherine.evans@canvas.test,Catherine,Evans,she/her,student,active
956136215,michael.howard@canvas.test,michael.howard@canvas.test,Michael,Howard,,student,active
396919624,katherine.ballard@canvas.test,katherine.ballard@canvas.test,Katherine,Ballard,she/her,student,active
676420143,april.robinson@canvas.test,april.robinson@canvas.test,April,Robinson,['ze/zir'],student,active
939309259,bethany.jackson@canvas.test,bethany.jackson@canvas.test,Bethany,Jackson,she/her,teacher,active
644647665,becky.herrera@canvas.test,becky.herrera@canvas.test,Becky,Herrera,,student,active
438108686,brandi.hill@canvas.test,brandi.hill@canvas.test,Brandi,Hill,she/her,student,active
705535028,robert.silva@canvas.test,robert.silva@canvas.test,Robert,Silva,['xe/xyr'],student,active
929949577,john.bush@canvas.test,john.bush@canvas.test,John,Bush,,student,active
828080721,kelly.johnson@canvas.test,kelly.johnson@canvas.test,Kelly,Johnson,she/her,student,active
573502124,nathaniel.carter@canvas.test,nathaniel.carter@canvas.test,Nathaniel,Carter,he/him,student,active
443007372,sarah.nguyen@canvas.test,sarah.nguyen@canvas.test,Sarah,Nguyen,she/her,student,active
523046307,dawn.lam@canvas.test,dawn.lam@canvas.test,Dawn,Lam,she/her,student,active
464696041,renee.ware@canvas.test,renee.ware@canvas.test,Renee,Ware,she/her,student,active
957975640,eduardo.castro@canvas.test,eduardo.castro@canvas.test,Eduardo,Castro,he/him,student,active
179059674,michelle.romero@canvas.test,michelle.romero@canvas.test,Michelle,Romero,she/her,student,active
376716663,betty.robinson@canvas.test,betty.robinson@canvas.test,Betty,Robinson,she/her,student,active
667748291,laurie.ortiz@canvas.test,laurie.ortiz@canvas.test,Laurie,Ortiz,['xe/xyr'],student,active
544688585,ryan.lloyd@canvas.test,ryan.lloyd@canvas.test,Ryan,Lloyd,,student,active
588161800,amber.frederick@canvas.test,amber.frederick@canvas.test,Amber,Frederick,she/her,student,active
941736450,emily.torres@canvas.test,emily.torres@canvas.test,Emily,Torres,,teacher,active
068768340,andrea.mendez@canvas.test,andrea.mendez@canvas.test,Andrea,Mendez,she/her,student,active
833956630,patricia.nelson@canvas.test,patricia.nelson@canvas.test,Patricia,Nelson,['they/them'],teacher,active
282495778,gabriel.suarez@canvas.test,gabriel.suarez@canvas.test,Gabriel,Suarez,he/him,teacher,active
417976796,sandra.richardson@canvas.test,sandra.richardson@canvas.test,Sandra,Richardson,she/her,student,active
001256734,alexis.stewart@canvas.test,alexis.stewart@canvas.test,Alexis,Stewart,['ze/zir'],student,active
817101300,derrick.carroll@canvas.test,derrick.carroll@canvas.test,Derrick,Carroll,he/him,student,active
376150404,richard.arroyo@canvas.test,richard.arroyo@canvas.test,Richard,Arroyo,['they/them'],student,active
416037426,timothy.rodriguez@canvas.test,timothy.rodriguez@canvas.test,Timothy,Rodriguez,,student,active
888989314,jennifer.ward@canvas.test,jennifer.ward@canvas.test,Jennifer,Ward,,student,active
564787028,monica.santiago@canvas.test,monica.santiago@canvas.test,Monica,Santiago,she/her,student,active
011491680,andrew.peters@canvas.test,andrew.peters@canvas.test,Andrew,Peters,he/him,student,active
442975541,virginia.bowen@canvas.test,virginia.bowen@canvas.test,Virginia,Bowen,['xe/xyr'],student,active
122456690,donna.johnson@canvas.test,donna.johnson@canvas.test,Donna,Johnson,['xe/xyr'],student,active
603187068,lisa.daniels@canvas.test,lisa.daniels@canvas.test,Lisa,Daniels,she/her,student,active
516987886,lindsey.gonzalez@canvas.test,lindsey.gonzalez@canvas.test,Lindsey,Gonzalez,she/her,student,active
777858946,sarah.huff@canvas.test,sarah.huff@canvas.test,Sarah,Huff,she/her,student,active
017659368,timothy.bowman@canvas.test,timothy.bowman@canvas.test,Timothy,Bowman,he/him,student,active
461124068,kevin.hunter@canvas.test,kevin.hunter@canvas.test,Kevin,Hunter,he/him,student,active
432958783,linda.rojas@canvas.test,linda.rojas@canvas.test,Linda,Rojas,she/her,student,active
448473980,erica.perry@canvas.test,erica.perry@canvas.test,Erica,Perry,,student,active
621185762,sheryl.salazar@canvas.test,sheryl.salazar@canvas.test,Sheryl,Salazar,she/her,student,active
133919607,noah.henry@canvas.test,noah.henry@canvas.test,Noah,Henry,['xe/xyr'],student,active
764988608,robert.collins@canvas.test,robert.collins@canvas.test,Robert,Collins,['xe/xyr'],student,active
689699985,robert.hughes@canvas.test,robert.hughes@canvas.test,Robert,Hughes,he/him,student,active
240887211,henry.curry@canvas.test,henry.curry@canvas.test,Henry,Curry,['ze/zir'],student,active
181393470,john.lynch@canvas.test,john.lynch@canvas.test,John,Lynch,,student,active
110019432,richard.ellis@canvas.test,richard.ellis@canvas.test,Richard,Ellis,he/him,student,active
133464508,daniel.sherman@canvas.test,daniel.sherman@canvas.test,Daniel,Sherman,he/him,student,active
919807444,eric.weber@canvas.test,eric.weber@canvas.test,Eric,Weber,,student,active
865149119,karen.li@canvas.test,karen.li@canvas.test,Karen,Li,she/her,student,active
245054390,john.bush0@canvas.test,john.bush0@canvas.test,John,Bush,,student,active
852810505,kathryn.frank@canvas.test,kathryn.frank@canvas.test,Kathryn,Frank,,teacher,active
266681162,adam.anderson@canvas.test,adam.anderson@canvas.test,Adam,Anderson,he/him,student,active
980974719,cynthia.barnett@canvas.test,cynthia.barnett@canvas.test,Cynthia,Barnett,['ze/zir'],student,active
443923867,shelby.hall@canvas.test,shelby.hall@canvas.test,Shelby,Hall,she/her,student,suspended
695830502,christopher.houston@canvas.test,christopher.houston@canvas.test,Christopher,Houston,['ze/zir'],teacher,active
200264085,rita.williams@canvas.test,rita.williams@canvas.test,Rita,Williams,,student,active
324090411,timothy.bond@canvas.test,timothy.bond@canvas.test,Timothy,Bond,he/him,student,active
203264343,brian.morris@canvas.test,brian.morris@canvas.test,Brian,Morris,,student,active
362399610,sierra.gomez@canvas.test,sierra.gomez@canvas.test,Sierra,Gomez,['xe/xyr'],student,active
483763347,nicole.cummings@canvas.test,nicole.cummings@canvas.test,Nicole,Cummings,,student,active
808599255,ashley.velasquez@canvas.test,ashley.velasquez@canvas.test,Ashley,Velasquez,she/her,student,active
466329591,curtis.patton@canvas.test,curtis.patton@canvas.test,Curtis,Patton,,student,active
307294189,diana.macdonald@canvas.test,diana.macdonald@canvas.test,Diana,Macdonald,she/her,student,active
256123149,katherine.conner@canvas.test,katherine.conner@canvas.test,Katherine,Conner,,teacher,active
489686289,wendy.sanchez@canvas.test,wendy.sanchez@canvas.test,Wendy,Sanchez,['ze/zir'],student,active
354332419,jennifer.cooper@canvas.test,jennifer.cooper@canvas.test,Jennifer,Cooper,she/her,student,active
315494697,dillon.lopez@canvas.test,dillon.lopez@canvas.test,Dillon,Lopez,he/him,student,active
453261672,ruth.luna@canvas.test,ruth.luna@canvas.test,Ruth,Luna,she/her,student,active
295619590,tanya.moore@canvas.test,tanya.moore@canvas.test,Tanya,Moore,she/her,student,active
678223839,alexander.fernandez@canvas.test,alexander.fernandez@canvas.test,Alexander,Fernandez,,student,active
963641650,sandra.mitchell@canvas.test,sandra.mitchell@canvas.test,Sandra,Mitchell,she/her,student,active
846318684,matthew.dean@canvas.test,matthew.dean@canvas.test,Matthew,Dean,,student,active
798186457,amber.salas@canvas.test,amber.salas@canvas.test,Amber,Salas,she/her,student,active
574449724,william.blankenship@canvas.test,william.blankenship@canvas.test,William,Blankenship,['xe/xyr'],student,active
695858412,desiree.hoffman@canvas.test,desiree.hoffman@canvas.test,Desiree,Hoffman,,student,active
090430773,alicia.walls@canvas.test,alicia.walls@canvas.test,Alicia,Walls,she/her,student,active
778233098,tamara.wilson@canvas.test,tamara.wilson@canvas.test,Tamara,Wilson,she/her,student,active
467472082,jody.hinton@canvas.test,jody.hinton@canvas.test,Jody,Hinton,['xe/xyr'],student,active
